motif_ID	motif_ALT_ID	seq_ID	site_Start	site_End	site_Strand	site_Score	site_Sequence
1-ACCACTAVRCYA	STREME-1	NC_001133.9	139158	139169	-	19.41	ACCACTAGACCA
1-ACCACTAVRCYA	STREME-1	NC_001145.3	196151	196162	+	19.41	ACCACTAGACCA
1-ACCACTAVRCYA	STREME-1	NC_001147.6	301103	301114	-	19.41	ACCACTAGACCA
1-ACCACTAVRCYA	STREME-1	NC_001140.6	388976	388987	+	19.41	ACCACTAGACCA
1-ACCACTAVRCYA	STREME-1	NC_001138.5	101382	101393	-	19.41	ACCACTAGACCA
1-ACCACTAVRCYA	STREME-1	NC_001144.5	92554	92565	-	19.41	ACCACTAGACCA
1-ACCACTAVRCYA	STREME-1	NC_001146.8	547100	547111	-	19.41	ACCACTAGACCA
1-ACCACTAVRCYA	STREME-1	NC_001147.6	464456	464467	-	19.41	ACCACTAGACCA
1-ACCACTAVRCYA	STREME-1	NC_001144.5	168006	168017	+	18.49	ACCACTCGGCCA
1-ACCACTAVRCYA	STREME-1	NC_001134.8	9589	9600	-	18.49	ACCACTCGGCCA
1-ACCACTAVRCYA	STREME-1	NC_001144.5	963036	963047	+	18.49	ACCACTCGGCCA
1-ACCACTAVRCYA	STREME-1	NC_001142.9	617925	617936	-	18.49	ACCACTCGGCCA
1-ACCACTAVRCYA	STREME-1	NC_001143.9	84214	84225	-	18.49	ACCACTCGGCCA
1-ACCACTAVRCYA	STREME-1	NC_001136.10	437778	437789	-	18.49	ACCACTCGGCCA
1-ACCACTAVRCYA	STREME-1	NC_001133.9	182584	182595	+	18.49	ACCACTCGGCCA
1-ACCACTAVRCYA	STREME-1	NC_001134.8	347609	347620	-	18.49	ACCACTCGGCCA
1-ACCACTAVRCYA	STREME-1	NC_001141.2	248856	248867	-	18.49	ACCACTCGGCCA
1-ACCACTAVRCYA	STREME-1	NC_001140.6	133088	133099	+	18.49	ACCACTCGGCCA
1-ACCACTAVRCYA	STREME-1	NC_001136.10	1150922	1150933	+	18.49	ACCACTCGGCCA
1-ACCACTAVRCYA	STREME-1	NC_001144.5	592600	592611	+	18.49	ACCACTCGGCCA
1-ACCACTAVRCYA	STREME-1	NC_001142.9	424496	424507	+	18.49	ACCACTCGGCCA
1-ACCACTAVRCYA	STREME-1	NC_001139.9	700681	700692	-	18.49	ACCACTCGGCCA
1-ACCACTAVRCYA	STREME-1	NC_001144.5	732096	732107	-	18.49	ACCACTCGGCCA
1-ACCACTAVRCYA	STREME-1	NC_001147.6	274679	274690	-	18.49	ACCACTCGGCCA
1-ACCACTAVRCYA	STREME-1	NC_001139.9	561724	561735	+	18.49	ACCACTCGGCCA
1-ACCACTAVRCYA	STREME-1	NC_001137.3	288505	288516	+	18.49	ACCACTCGGCCA
1-ACCACTAVRCYA	STREME-1	NC_001136.10	519749	519760	-	18.49	ACCACTCGGCCA
1-ACCACTAVRCYA	STREME-1	NC_001135.5	227948	227959	-	18.49	ACCACTCGGCCA
1-ACCACTAVRCYA	STREME-1	NC_001138.5	191594	191605	+	18.49	ACCACTCGGCCA
1-ACCACTAVRCYA	STREME-1	NC_001146.8	726198	726209	+	18.49	ACCACTCGGCCA
1-ACCACTAVRCYA	STREME-1	NC_001148.4	689571	689582	-	18.49	ACCACTCGGCCA
1-ACCACTAVRCYA	STREME-1	NC_001145.3	259220	259231	+	18.49	ACCACTCGGCCA
1-ACCACTAVRCYA	STREME-1	NC_001142.9	524074	524085	+	18.49	ACCACTCGGCCA
1-ACCACTAVRCYA	STREME-1	NC_001136.10	1305636	1305647	-	18.49	ACCACTCGGCCA
1-ACCACTAVRCYA	STREME-1	NC_001134.8	227081	227092	-	18.49	ACCACTCGGCCA
1-ACCACTAVRCYA	STREME-1	NC_001136.10	981036	981047	+	18.49	ACCACTCGGCCA
1-ACCACTAVRCYA	STREME-1	NC_001137.3	86610	86621	-	18.49	ACCACTCGGCCA
1-ACCACTAVRCYA	STREME-1	NC_001142.9	538561	538572	-	18.30	ACCATTACGCCA
1-ACCACTAVRCYA	STREME-1	NC_001134.8	350833	350844	-	18.01	ACCACTACACTA
1-ACCACTAVRCYA	STREME-1	NC_001145.3	808298	808309	+	18.01	ACCACTACACTA
1-ACCACTAVRCYA	STREME-1	NC_001140.6	134327	134338	-	18.01	ACCACTACACTA
1-ACCACTAVRCYA	STREME-1	NC_001137.3	131134	131145	+	18.01	ACCACTACACTA
1-ACCACTAVRCYA	STREME-1	NC_001135.5	168353	168364	+	18.01	ACCACTACACTA
1-ACCACTAVRCYA	STREME-1	NC_001136.10	802783	802794	+	18.01	ACCACTACACTA
1-ACCACTAVRCYA	STREME-1	NC_001147.6	111014	111025	+	18.01	ACCACTACACTA
1-ACCACTAVRCYA	STREME-1	NC_001139.9	779622	779633	-	18.01	ACCACTACACTA
1-ACCACTAVRCYA	STREME-1	NC_001136.10	645205	645216	+	18.01	ACCACTACACTA
1-ACCACTAVRCYA	STREME-1	NC_001137.3	250292	250303	-	18.01	ACCACTACACTA
1-ACCACTAVRCYA	STREME-1	NC_001136.10	520978	520989	-	18.01	ACCACTACACTA
1-ACCACTAVRCYA	STREME-1	NC_001146.8	96293	96304	+	18.01	ACCACTACACTA
1-ACCACTAVRCYA	STREME-1	NC_001134.8	326846	326857	+	17.98	ACCACTGGACCA
1-ACCACTAVRCYA	STREME-1	NC_001136.10	488851	488862	+	17.98	ACCACTGGACCA
1-ACCACTAVRCYA	STREME-1	NC_001139.9	661755	661766	-	17.90	ACCACTAAGCTA
1-ACCACTAVRCYA	STREME-1	NC_001139.9	1004222	1004233	-	17.90	ACCACTAAGCTA
1-ACCACTAVRCYA	STREME-1	NC_001140.6	466996	467007	-	17.90	ACCACTAAGCTA
1-ACCACTAVRCYA	STREME-1	NC_001148.4	744290	744301	-	17.90	ACCACTAAGCTA
1-ACCACTAVRCYA	STREME-1	NC_001147.6	282170	282181	-	17.81	ACCACTAAACCA
1-ACCACTAVRCYA	STREME-1	NC_001139.9	845655	845666	-	17.81	ACCACTAAACCA
1-ACCACTAVRCYA	STREME-1	NC_001148.4	572275	572286	-	17.81	ACCACTAAACCA
1-ACCACTAVRCYA	STREME-1	NC_001136.10	83554	83565	-	17.81	ACCACTAAACCA
1-ACCACTAVRCYA	STREME-1	NC_001138.5	162234	162245	-	17.81	ACCACTAAACCA
1-ACCACTAVRCYA	STREME-1	NC_001137.3	61941	61952	+	17.81	ACCACTAAACCA
1-ACCACTAVRCYA	STREME-1	NC_001148.4	860385	860396	-	17.81	ACCACTAAACCA
1-ACCACTAVRCYA	STREME-1	NC_001142.9	531834	531845	-	17.81	ACCACTAAACCA
1-ACCACTAVRCYA	STREME-1	NC_001136.10	992838	992849	-	17.81	ACCACTAAACCA
1-ACCACTAVRCYA	STREME-1	NC_001147.6	226662	226673	+	17.81	ACCACTAAACCA
1-ACCACTAVRCYA	STREME-1	NC_001138.5	181025	181036	+	17.81	ACCACTAAACCA
1-ACCACTAVRCYA	STREME-1	NC_001139.9	931004	931015	+	17.81	ACCACTAAACCA
1-ACCACTAVRCYA	STREME-1	NC_001145.3	183949	183960	+	17.81	ACCACTAAACCA
1-ACCACTAVRCYA	STREME-1	NC_001142.9	396777	396788	+	17.81	ACCACTAAACCA
1-ACCACTAVRCYA	STREME-1	NC_001134.8	643059	643070	+	17.51	ACCACTGCGCCA
1-ACCACTAVRCYA	STREME-1	NC_001139.9	707160	707171	+	17.51	ACCACTGCGCCA
1-ACCACTAVRCYA	STREME-1	NC_001148.4	435945	435956	+	17.51	ACCACTGCGCCA
1-ACCACTAVRCYA	STREME-1	NC_001148.4	775817	775828	+	17.51	ACCACTGCGCCA
1-ACCACTAVRCYA	STREME-1	NC_001144.5	605413	605424	+	16.91	ACCACTGAGCTA
1-ACCACTAVRCYA	STREME-1	NC_001133.9	181147	181158	-	16.71	ACCGCTCGGCCA
1-ACCACTAVRCYA	STREME-1	NC_001143.9	458563	458574	-	16.71	ACCGCTCGGCCA
1-ACCACTAVRCYA	STREME-1	NC_001146.8	443012	443023	-	16.71	ACCGCTCGGCCA
1-ACCACTAVRCYA	STREME-1	NC_001145.3	504901	504912	-	16.71	ACCGCTCGGCCA
1-ACCACTAVRCYA	STREME-1	NC_001144.5	628389	628400	-	16.71	ACCGCTCGGCCA
1-ACCACTAVRCYA	STREME-1	NC_001139.9	205527	205538	-	16.71	ACCGCTCGGCCA
1-ACCACTAVRCYA	STREME-1	NC_001136.10	1461810	1461821	+	16.71	ACCGCTCGGCCA
1-ACCACTAVRCYA	STREME-1	NC_001139.9	423098	423109	-	16.71	ACCGCTCGGCCA
1-ACCACTAVRCYA	STREME-1	NC_001136.10	1257060	1257071	+	16.70	ACCACTGAACCA
1-ACCACTAVRCYA	STREME-1	NC_001147.6	594406	594417	+	16.70	ACCACTGAACCA
1-ACCACTAVRCYA	STREME-1	NC_001137.3	138672	138683	-	16.45	GCCATTACGCCA
1-ACCACTAVRCYA	STREME-1	NC_001139.9	405476	405487	-	16.45	GCCATTACGCCA
1-ACCACTAVRCYA	STREME-1	NC_001139.9	828775	828786	+	16.45	GCCATTACGCCA
1-ACCACTAVRCYA	STREME-1	NC_001142.9	374558	374569	+	16.45	GCCATTACGCCA
1-ACCACTAVRCYA	STREME-1	NC_001134.8	405884	405895	-	16.45	GCCATTACGCCA
1-ACCACTAVRCYA	STREME-1	NC_001145.3	747944	747955	+	16.45	GCCATTACGCCA
1-ACCACTAVRCYA	STREME-1	NC_001145.3	131877	131888	+	16.45	GCCATTACGCCA
1-ACCACTAVRCYA	STREME-1	NC_001139.9	736346	736357	-	16.45	GCCATTACGCCA
1-ACCACTAVRCYA	STREME-1	NC_001143.9	162539	162550	+	16.45	GCCATTACGCCA
1-ACCACTAVRCYA	STREME-1	NC_001143.9	490974	490985	-	16.34	ACCATTGGGCCA
1-ACCACTAVRCYA	STREME-1	NC_001136.10	620022	620033	+	16.34	ACCATTGGGCCA
1-ACCACTAVRCYA	STREME-1	NC_001144.5	374361	374372	-	16.34	ACCATTGGGCCA
1-ACCACTAVRCYA	STREME-1	NC_001137.3	492405	492416	+	16.34	ACCATTGGGCCA
1-ACCACTAVRCYA	STREME-1	NC_001142.9	233945	233956	-	16.34	ACCATTGGGCCA
1-ACCACTAVRCYA	STREME-1	NC_001147.6	340352	340363	+	16.34	ACCATTGGGCCA
1-ACCACTAVRCYA	STREME-1	NC_001139.9	878796	878807	+	16.12	ACCATTGAGCCA
1-ACCACTAVRCYA	STREME-1	NC_001142.9	416017	416028	+	16.12	ACCATTGAGCCA
1-ACCACTAVRCYA	STREME-1	NC_001145.3	379389	379400	+	16.12	ACCATTGAGCCA
1-ACCACTAVRCYA	STREME-1	NC_001148.4	56255	56266	+	16.12	ACCATTGAGCCA
1-ACCACTAVRCYA	STREME-1	NC_001143.9	302924	302935	-	16.12	ACCATTGAGCCA
1-ACCACTAVRCYA	STREME-1	NC_001144.5	793924	793935	-	16.06	ACCATTAAACTA
1-ACCACTAVRCYA	STREME-1	NC_001139.9	544629	544640	+	16.06	ACCATTAAACTA
1-ACCACTAVRCYA	STREME-1	NC_001142.9	204741	204752	-	16.06	ACCATTAAACTA
1-ACCACTAVRCYA	STREME-1	NC_001139.9	531616	531627	-	16.06	ACCATTAAACTA
1-ACCACTAVRCYA	STREME-1	NC_001145.3	463560	463571	-	16.06	ACCATTAAACTA
1-ACCACTAVRCYA	STREME-1	NC_001142.9	355462	355473	-	16.06	ACCATTAAACTA
1-ACCACTAVRCYA	STREME-1	NC_001142.9	541514	541525	-	16.06	ACCATTAAACTA
1-ACCACTAVRCYA	STREME-1	NC_001143.9	513384	513395	+	16.06	ACCATTAAACTA
1-ACCACTAVRCYA	STREME-1	NC_001144.5	427138	427149	-	16.06	ACCATTAAACTA
1-ACCACTAVRCYA	STREME-1	NC_001142.9	374476	374487	+	16.06	ACCATTAAACTA
1-ACCACTAVRCYA	STREME-1	NC_001141.2	336401	336412	+	16.06	ACCATTAAACTA
1-ACCACTAVRCYA	STREME-1	NC_001147.6	571964	571975	-	16.06	ACCATTAAACTA
1-ACCACTAVRCYA	STREME-1	NC_001141.2	324355	324366	+	16.06	ACCATTAAACTA
1-ACCACTAVRCYA	STREME-1	NC_001136.10	568970	568981	-	16.06	ACCATTAAACTA
1-ACCACTAVRCYA	STREME-1	NC_001144.5	818615	818626	-	15.40	ACCATTGCACTA
1-ACCACTAVRCYA	STREME-1	NC_001147.6	980689	980700	-	14.85	TCCACTAGACCA
1-ACCACTAVRCYA	STREME-1	NC_001145.3	363070	363081	-	14.78	ACCACTATACTA
1-ACCACTAVRCYA	STREME-1	NC_001139.9	319787	319798	-	14.78	ACCACTATACTA
1-ACCACTAVRCYA	STREME-1	NC_001140.6	62761	62772	-	14.78	ACCACTATACTA
1-ACCACTAVRCYA	STREME-1	NC_001137.3	207363	207374	-	14.78	ACCACTATACTA
1-ACCACTAVRCYA	STREME-1	NC_001143.9	313453	313464	+	14.78	ACCACTATACTA
1-ACCACTAVRCYA	STREME-1	NC_001139.9	110677	110688	+	14.78	ACCACTATACTA
1-ACCACTAVRCYA	STREME-1	NC_001137.3	434593	434604	+	14.78	ACCACTATACTA
1-ACCACTAVRCYA	STREME-1	NC_001136.10	1075525	1075536	+	14.39	GCCGCTACACTA
1-ACCACTAVRCYA	STREME-1	NC_001140.6	475759	475770	+	14.39	GCCGCTACACTA
1-ACCACTAVRCYA	STREME-1	NC_001137.3	177105	177116	-	13.05	GCCGTTACACTA
1-ACCACTAVRCYA	STREME-1	NC_001144.5	797184	797195	-	13.05	GCCGTTACACTA
1-ACCACTAVRCYA	STREME-1	NC_001141.2	370423	370434	-	13.05	GCCGTTACACTA
1-ACCACTAVRCYA	STREME-1	NC_001148.4	210244	210255	+	13.05	GCCGTTACACTA
1-ACCACTAVRCYA	STREME-1	NC_001139.9	328589	328600	-	13.05	GCCGTTACACTA
1-ACCACTAVRCYA	STREME-1	NC_001139.9	401579	401590	+	13.05	GCCGTTACACTA
1-ACCACTAVRCYA	STREME-1	NC_001142.9	115991	116002	+	13.05	GCCGTTACACTA
1-ACCACTAVRCYA	STREME-1	NC_001141.2	197598	197609	-	13.05	GCCGTTACACTA
1-ACCACTAVRCYA	STREME-1	NC_001134.8	645173	645184	-	13.05	GCCGTTACACTA
1-ACCACTAVRCYA	STREME-1	NC_001136.10	1017259	1017270	+	13.05	GCCGTTACACTA
1-ACCACTAVRCYA	STREME-1	NC_001137.3	354940	354951	-	13.05	GCCGTTACACTA
1-ACCACTAVRCYA	STREME-1	NC_001142.9	517865	517876	+	12.96	TCCACTGCGCCA
1-ACCACTAVRCYA	STREME-1	NC_001147.6	710207	710218	-	12.96	TCCACTGCGCCA
1-ACCACTAVRCYA	STREME-1	NC_001137.3	100139	100150	-	12.96	TCCACTGCGCCA
1-ACCACTAVRCYA	STREME-1	NC_001148.4	338900	338911	+	12.96	TCCACTGCGCCA
1-ACCACTAVRCYA	STREME-1	NC_001135.5	123629	123640	+	12.90	ACCTCTAGACCA
#
2-GRATCGAACCSSKGA	STREME-2	NC_001146.8	631857	631871	+	23.97	GACTCGAACCCGGGA
2-GRATCGAACCSSKGA	STREME-2	NC_001135.5	123588	123602	+	23.97	GACTCGAACCCGGGA
2-GRATCGAACCSSKGA	STREME-2	NC_001136.10	1257019	1257033	+	23.25	GAATCGAACCCGGGC
2-GRATCGAACCSSKGA	STREME-2	NC_001147.6	282207	282221	-	22.50	GAATCGAACCGGGGG
2-GRATCGAACCSSKGA	STREME-2	NC_001139.9	845692	845706	-	22.50	GAATCGAACCGGGGG
2-GRATCGAACCSSKGA	STREME-2	NC_001148.4	572312	572326	-	22.50	GAATCGAACCGGGGG
2-GRATCGAACCSSKGA	STREME-2	NC_001136.10	83591	83605	-	22.50	GAATCGAACCGGGGG
2-GRATCGAACCSSKGA	STREME-2	NC_001138.5	162271	162285	-	22.50	GAATCGAACCGGGGG
2-GRATCGAACCSSKGA	STREME-2	NC_001137.3	61901	61915	+	22.50	GAATCGAACCGGGGG
2-GRATCGAACCSSKGA	STREME-2	NC_001148.4	860422	860436	-	22.50	GAATCGAACCGGGGG
2-GRATCGAACCSSKGA	STREME-2	NC_001142.9	531871	531885	-	22.50	GAATCGAACCGGGGG
2-GRATCGAACCSSKGA	STREME-2	NC_001136.10	992875	992889	-	22.50	GAATCGAACCGGGGG
2-GRATCGAACCSSKGA	STREME-2	NC_001147.6	226622	226636	+	22.50	GAATCGAACCGGGGG
2-GRATCGAACCSSKGA	STREME-2	NC_001138.5	180985	180999	+	22.50	GAATCGAACCGGGGG
2-GRATCGAACCSSKGA	STREME-2	NC_001139.9	930964	930978	+	22.50	GAATCGAACCGGGGG
2-GRATCGAACCSSKGA	STREME-2	NC_001145.3	183909	183923	+	22.50	GAATCGAACCGGGGG
2-GRATCGAACCSSKGA	STREME-2	NC_001142.9	396737	396751	+	22.50	GAATCGAACCGGGGG
2-GRATCGAACCSSKGA	STREME-2	NC_001136.10	1075483	1075497	+	22.24	GGATCGAACTCGGGA
2-GRATCGAACCSSKGA	STREME-2	NC_001140.6	475717	475731	+	22.24	GGATCGAACTCGGGA
2-GRATCGAACCSSKGA	STREME-2	NC_001146.8	602358	602372	-	22.15	GGATCGAACCGCTGA
2-GRATCGAACCSSKGA	STREME-2	NC_001139.9	739168	739182	-	22.15	GGATCGAACCGCTGA
2-GRATCGAACCSSKGA	STREME-2	NC_001148.4	819575	819589	-	22.15	GGATCGAACCGCTGA
2-GRATCGAACCSSKGA	STREME-2	NC_001137.3	551296	551310	+	22.15	GGATCGAACCGCTGA
2-GRATCGAACCSSKGA	STREME-2	NC_001141.2	183451	183465	+	22.15	GGATCGAACCGCTGA
2-GRATCGAACCSSKGA	STREME-2	NC_001134.8	197540	197554	-	22.15	GGATCGAACCGCTGA
2-GRATCGAACCSSKGA	STREME-2	NC_001147.6	110973	110987	+	21.88	GAATCGAACCCGTGT
2-GRATCGAACCSSKGA	STREME-2	NC_001139.9	779660	779674	-	21.88	GAATCGAACCCGTGT
2-GRATCGAACCSSKGA	STREME-2	NC_001146.8	96252	96266	+	21.88	GAATCGAACCCGTGT
2-GRATCGAACCSSKGA	STREME-2	NC_001137.3	438746	438760	-	21.69	GGATCGAACTGGGGA
2-GRATCGAACCSSKGA	STREME-2	NC_001144.5	687870	687884	+	21.69	GGATCGAACTGGGGA
2-GRATCGAACCSSKGA	STREME-2	NC_001147.6	663823	663837	+	21.69	GGATCGAACTGGGGA
2-GRATCGAACCSSKGA	STREME-2	NC_001142.9	378406	378420	-	21.69	GGATCGAACTGGGGA
2-GRATCGAACCSSKGA	STREME-2	NC_001139.9	823528	823542	-	21.69	GGATCGAACTGGGGA
2-GRATCGAACCSSKGA	STREME-2	NC_001145.3	420599	420613	+	21.69	GGATCGAACTGGGGA
2-GRATCGAACCSSKGA	STREME-2	NC_001140.6	85309	85323	+	21.69	GGATCGAACTGGGGA
2-GRATCGAACCSSKGA	STREME-2	NC_001145.3	372456	372470	+	21.69	GGATCGAACTGGGGA
2-GRATCGAACCSSKGA	STREME-2	NC_001143.9	379726	379740	-	21.69	GGATCGAACTGGGGA
2-GRATCGAACCSSKGA	STREME-2	NC_001139.9	73840	73854	+	21.69	GGATCGAACTGGGGA
2-GRATCGAACCSSKGA	STREME-2	NC_001134.8	350871	350885	-	21.60	GATTCGAACCGGGGT
2-GRATCGAACCSSKGA	STREME-2	NC_001144.5	448661	448675	+	21.60	GATTCGAACCGGGGT
2-GRATCGAACCSSKGA	STREME-2	NC_001135.5	168312	168326	+	21.60	GATTCGAACCGGGGT
2-GRATCGAACCSSKGA	STREME-2	NC_001136.10	802742	802756	+	21.60	GATTCGAACCGGGGT
2-GRATCGAACCSSKGA	STREME-2	NC_001136.10	645164	645178	+	21.60	GATTCGAACCGGGGT
2-GRATCGAACCSSKGA	STREME-2	NC_001137.3	250330	250344	-	21.60	GATTCGAACCGGGGT
2-GRATCGAACCSSKGA	STREME-2	NC_001136.10	521016	521030	-	21.60	GATTCGAACCGGGGT
2-GRATCGAACCSSKGA	STREME-2	NC_001147.6	854198	854212	+	21.31	GAATCGAACCGATGA
2-GRATCGAACCSSKGA	STREME-2	NC_001133.9	166312	166326	-	21.31	GAATCGAACCGATGA
2-GRATCGAACCSSKGA	STREME-2	NC_001139.9	794462	794476	-	21.31	GAATCGAACCGATGA
2-GRATCGAACCSSKGA	STREME-2	NC_001144.5	214894	214908	+	21.31	GAATCGAACCGATGA
2-GRATCGAACCSSKGA	STREME-2	NC_001137.3	312034	312048	+	21.31	GAATCGAACCGATGA
2-GRATCGAACCSSKGA	STREME-2	NC_001147.6	438711	438725	-	21.04	GGCTCGAACCCCTGA
2-GRATCGAACCSSKGA	STREME-2	NC_001139.9	115556	115570	-	21.04	GGCTCGAACCCCTGA
2-GRATCGAACCSSKGA	STREME-2	NC_001139.9	700964	700978	+	21.04	GGCTCGAACCCCTGA
2-GRATCGAACCSSKGA	STREME-2	NC_001143.9	579033	579047	-	21.04	GGCTCGAACCCCTGA
2-GRATCGAACCSSKGA	STREME-2	NC_001145.3	321158	321172	+	20.63	GAATCGAACCGGAGA
2-GRATCGAACCSSKGA	STREME-2	NC_001139.9	774394	774408	-	20.63	GAATCGAACCGGAGA
2-GRATCGAACCSSKGA	STREME-2	NC_001143.9	219940	219954	-	20.63	GAATCGAACCGGAGA
2-GRATCGAACCSSKGA	STREME-2	NC_001140.6	146253	146267	+	20.63	GAATCGAACCGGAGA
2-GRATCGAACCSSKGA	STREME-2	NC_001138.5	204935	204949	+	20.63	GAATCGAACCGGAGA
2-GRATCGAACCSSKGA	STREME-2	NC_001144.5	656945	656959	+	20.63	GAATCGAACCGGAGA
2-GRATCGAACCSSKGA	STREME-2	NC_001148.4	856947	856961	-	20.63	GAATCGAACCGGAGA
2-GRATCGAACCSSKGA	STREME-2	NC_001136.10	488808	488822	+	20.25	GGTTCGAACTCGGGA
2-GRATCGAACCSSKGA	STREME-2	NC_001145.3	363108	363122	-	20.21	GAATCGAACCAGGGT
2-GRATCGAACCSSKGA	STREME-2	NC_001139.9	319825	319839	-	20.21	GAATCGAACCAGGGT
2-GRATCGAACCSSKGA	STREME-2	NC_001140.6	62799	62813	-	20.21	GAATCGAACCAGGGT
2-GRATCGAACCSSKGA	STREME-2	NC_001137.3	207401	207415	-	20.21	GAATCGAACCAGGGT
2-GRATCGAACCSSKGA	STREME-2	NC_001143.9	313412	313426	+	20.21	GAATCGAACCAGGGT
2-GRATCGAACCSSKGA	STREME-2	NC_001139.9	110636	110650	+	20.21	GAATCGAACCAGGGT
2-GRATCGAACCSSKGA	STREME-2	NC_001144.5	818653	818667	-	20.14	GACTCGAACCCGGAT
2-GRATCGAACCSSKGA	STREME-2	NC_001137.3	177143	177157	-	20.00	GAGTCGAACCCCGGT
2-GRATCGAACCSSKGA	STREME-2	NC_001141.2	370461	370475	-	20.00	GAGTCGAACCCCGGT
2-GRATCGAACCSSKGA	STREME-2	NC_001148.4	210203	210217	+	20.00	GAGTCGAACCCCGGT
2-GRATCGAACCSSKGA	STREME-2	NC_001139.9	328627	328641	-	20.00	GAGTCGAACCCCGGT
2-GRATCGAACCSSKGA	STREME-2	NC_001139.9	401538	401552	+	20.00	GAGTCGAACCCCGGT
2-GRATCGAACCSSKGA	STREME-2	NC_001142.9	115950	115964	+	20.00	GAGTCGAACCCCGGT
2-GRATCGAACCSSKGA	STREME-2	NC_001141.2	197636	197650	-	20.00	GAGTCGAACCCCGGT
2-GRATCGAACCSSKGA	STREME-2	NC_001136.10	1017218	1017232	+	20.00	GAGTCGAACCCCGGT
2-GRATCGAACCSSKGA	STREME-2	NC_001137.3	354978	354992	-	20.00	GAGTCGAACCCCGGT
2-GRATCGAACCSSKGA	STREME-2	NC_001144.5	167955	167969	+	18.23	GACTCGAACCTGCGC
2-GRATCGAACCSSKGA	STREME-2	NC_001136.10	437826	437840	-	18.23	GACTCGAACCTGCGC
2-GRATCGAACCSSKGA	STREME-2	NC_001133.9	182533	182547	+	18.23	GACTCGAACCTGCGC
2-GRATCGAACCSSKGA	STREME-2	NC_001140.6	133037	133051	+	18.23	GACTCGAACCTGCGC
2-GRATCGAACCSSKGA	STREME-2	NC_001139.9	561673	561687	+	18.23	GACTCGAACCTGCGC
2-GRATCGAACCSSKGA	STREME-2	NC_001145.3	259169	259183	+	18.23	GACTCGAACCTGCGC
2-GRATCGAACCSSKGA	STREME-2	NC_001142.9	524023	524037	+	18.23	GACTCGAACCTGCGC
2-GRATCGAACCSSKGA	STREME-2	NC_001136.10	1305685	1305699	-	18.23	GACTCGAACCTGCGC
2-GRATCGAACCSSKGA	STREME-2	NC_001134.8	227129	227143	-	18.23	GACTCGAACCTGCGC
2-GRATCGAACCSSKGA	STREME-2	NC_001136.10	980985	980999	+	18.23	GACTCGAACCTGCGC
2-GRATCGAACCSSKGA	STREME-2	NC_001137.3	86658	86672	-	18.23	GACTCGAACCTGCGC
2-GRATCGAACCSSKGA	STREME-2	NC_001142.9	538599	538613	-	18.10	GACTCGAACCCGCAG
2-GRATCGAACCSSKGA	STREME-2	NC_001145.3	196079	196093	+	18.05	GAATTGAACCCAGGG
2-GRATCGAACCSSKGA	STREME-2	NC_001138.5	101451	101465	-	18.05	GAATTGAACCCAGGG
2-GRATCGAACCSSKGA	STREME-2	NC_001144.5	92623	92637	-	18.05	GAATTGAACCCAGGG
2-GRATCGAACCSSKGA	STREME-2	NC_001146.8	568190	568204	-	18.05	GAATTGAACCCAGGG
2-GRATCGAACCSSKGA	STREME-2	NC_001143.9	46746	46760	+	17.93	GAATTGAACCCACGA
2-GRATCGAACCSSKGA	STREME-2	NC_001148.4	560209	560223	+	17.93	GGATCGAACACAGGA
2-GRATCGAACCSSKGA	STREME-2	NC_001139.9	440727	440741	+	17.93	GGATCGAACACAGGA
2-GRATCGAACCSSKGA	STREME-2	NC_001134.8	36461	36475	-	17.93	GGATCGAACACAGGA
2-GRATCGAACCSSKGA	STREME-2	NC_001146.8	374932	374946	-	17.93	GGATCGAACACAGGA
2-GRATCGAACCSSKGA	STREME-2	NC_001140.6	237859	237873	+	17.93	GGATCGAACACAGGA
2-GRATCGAACCSSKGA	STREME-2	NC_001143.9	203044	203058	-	17.86	GGCTCGAACCCCTAA
2-GRATCGAACCSSKGA	STREME-2	NC_001139.9	185725	185739	+	17.86	GGCTCGAACCCCTAA
2-GRATCGAACCSSKGA	STREME-2	NC_001142.9	415011	415025	-	17.86	GGCTCGAACCCCTAA
2-GRATCGAACCSSKGA	STREME-2	NC_001145.3	480632	480646	+	17.86	GGCTCGAACCCCTAA
2-GRATCGAACCSSKGA	STREME-2	NC_001137.3	435763	435777	+	17.86	GGCTCGAACCCCTAA
2-GRATCGAACCSSKGA	STREME-2	NC_001139.9	876439	876453	-	17.86	GGCTCGAACCCCTAA
2-GRATCGAACCSSKGA	STREME-2	NC_001141.2	300239	300253	+	17.86	GGCTCGAACCCCTAA
2-GRATCGAACCSSKGA	STREME-2	NC_001138.5	226699	226713	+	17.86	GGCTCGAACCCCTAA
2-GRATCGAACCSSKGA	STREME-2	NC_001136.10	1201795	1201809	-	17.86	GGCTCGAACCCCTAA
2-GRATCGAACCSSKGA	STREME-2	NC_001137.3	135436	135450	+	17.86	GGCTCGAACCCCTAA
2-GRATCGAACCSSKGA	STREME-2	NC_001139.9	122314	122328	-	17.86	GGCTCGAACCCCTAA
2-GRATCGAACCSSKGA	STREME-2	NC_001134.8	643018	643032	+	17.60	GGATCGAACTAAGGA
2-GRATCGAACCSSKGA	STREME-2	NC_001139.9	707119	707133	+	17.60	GGATCGAACTAAGGA
2-GRATCGAACCSSKGA	STREME-2	NC_001148.4	435904	435918	+	17.60	GGATCGAACTAAGGA
2-GRATCGAACCSSKGA	STREME-2	NC_001148.4	775776	775790	+	17.60	GGATCGAACTAAGGA
2-GRATCGAACCSSKGA	STREME-2	NC_001144.5	784426	784440	-	17.44	GATTCGAACCTGCGC
2-GRATCGAACCSSKGA	STREME-2	NC_001136.10	434275	434289	+	17.17	GATTTGAACCGATGA
2-GRATCGAACCSSKGA	STREME-2	NC_001134.8	266423	266437	-	17.17	GATTTGAACCGATGA
2-GRATCGAACCSSKGA	STREME-2	NC_001135.5	295529	295543	-	17.17	GATTTGAACCGATGA
2-GRATCGAACCSSKGA	STREME-2	NC_001141.2	325793	325807	-	17.17	GATTTGAACCGATGA
2-GRATCGAACCSSKGA	STREME-2	NC_001142.9	59111	59125	+	17.17	GATTTGAACCGATGA
2-GRATCGAACCSSKGA	STREME-2	NC_001140.6	116118	116132	+	17.17	GATTTGAACCGATGA
2-GRATCGAACCSSKGA	STREME-2	NC_001141.2	175076	175090	-	17.17	GATTTGAACCGATGA
2-GRATCGAACCSSKGA	STREME-2	NC_001146.8	104850	104864	-	17.17	GATTTGAACCGATGA
2-GRATCGAACCSSKGA	STREME-2	NC_001134.8	9639	9653	-	16.97	GGTTCGAACTCGCGC
2-GRATCGAACCSSKGA	STREME-2	NC_001144.5	962983	962997	+	16.97	GGTTCGAACTCGCGC
2-GRATCGAACCSSKGA	STREME-2	NC_001142.9	424443	424457	+	16.97	GGTTCGAACTCGCGC
2-GRATCGAACCSSKGA	STREME-2	NC_001136.10	519799	519813	-	16.97	GGTTCGAACTCGCGC
2-GRATCGAACCSSKGA	STREME-2	NC_001146.8	726145	726159	+	16.97	GGTTCGAACTCGCGC
2-GRATCGAACCSSKGA	STREME-2	NC_001144.5	793962	793976	-	16.63	GAATTGAACCCCGAT
2-GRATCGAACCSSKGA	STREME-2	NC_001142.9	204779	204793	-	16.63	GAATTGAACCCCGAT
2-GRATCGAACCSSKGA	STREME-2	NC_001139.9	531654	531668	-	16.63	GAATTGAACCCCGAT
2-GRATCGAACCSSKGA	STREME-2	NC_001145.3	463598	463612	-	16.63	GAATTGAACCCCGAT
2-GRATCGAACCSSKGA	STREME-2	NC_001142.9	541552	541566	-	16.63	GAATTGAACCCCGAT
2-GRATCGAACCSSKGA	STREME-2	NC_001143.9	513343	513357	+	16.63	GAATTGAACCCCGAT
2-GRATCGAACCSSKGA	STREME-2	NC_001144.5	427176	427190	-	16.63	GAATTGAACCCCGAT
2-GRATCGAACCSSKGA	STREME-2	NC_001141.2	336360	336374	+	16.63	GAATTGAACCCCGAT
2-GRATCGAACCSSKGA	STREME-2	NC_001147.6	572002	572016	-	16.63	GAATTGAACCCCGAT
2-GRATCGAACCSSKGA	STREME-2	NC_001141.2	324314	324328	+	16.63	GAATTGAACCCCGAT
2-GRATCGAACCSSKGA	STREME-2	NC_001144.5	732163	732177	-	16.38	GATTCGAACCCTTGC
2-GRATCGAACCSSKGA	STREME-2	NC_001136.10	884466	884480	-	15.91	GGTTTGAACCCACGA
2-GRATCGAACCSSKGA	STREME-2	NC_001140.6	467034	467048	-	15.37	GAATTGAACTAGCGA
2-GRATCGAACCSSKGA	STREME-2	NC_001137.3	138710	138724	-	14.83	GGGTCGAACCCATAA
2-GRATCGAACCSSKGA	STREME-2	NC_001139.9	405514	405528	-	14.83	GGGTCGAACCCATAA
2-GRATCGAACCSSKGA	STREME-2	NC_001142.9	355418	355432	-	14.83	GGGTCGAACCCATAA
2-GRATCGAACCSSKGA	STREME-2	NC_001142.9	374517	374531	+	14.83	GGGTCGAACCCATAA
2-GRATCGAACCSSKGA	STREME-2	NC_001134.8	405922	405936	-	14.83	GGGTCGAACCCATAA
2-GRATCGAACCSSKGA	STREME-2	NC_001145.3	747903	747917	+	14.83	GGGTCGAACCCATAA
2-GRATCGAACCSSKGA	STREME-2	NC_001145.3	131836	131850	+	14.83	GGGTCGAACCCATAA
2-GRATCGAACCSSKGA	STREME-2	NC_001143.9	162498	162512	+	14.83	GGGTCGAACCCATAA
2-GRATCGAACCSSKGA	STREME-2	NC_001136.10	568926	568940	-	14.83	GGGTCGAACCCATAA
2-GRATCGAACCSSKGA	STREME-2	NC_001136.10	1175874	1175888	-	14.54	GGTTCGAACTCTCGA
2-GRATCGAACCSSKGA	STREME-2	NC_001147.6	976466	976480	-	14.54	GGTTCGAACTCTCGA
2-GRATCGAACCSSKGA	STREME-2	NC_001142.9	422982	422996	-	14.54	GGTTCGAACTCTCGA
2-GRATCGAACCSSKGA	STREME-2	NC_001145.3	572894	572908	+	14.54	GGTTCGAACTCTCGA
2-GRATCGAACCSSKGA	STREME-2	NC_001143.9	491013	491027	-	14.52	GACTTGAACCTGGAA
2-GRATCGAACCSSKGA	STREME-2	NC_001136.10	619980	619994	+	14.52	GACTTGAACCTGGAA
2-GRATCGAACCSSKGA	STREME-2	NC_001144.5	374400	374414	-	14.52	GACTTGAACCTGGAA
2-GRATCGAACCSSKGA	STREME-2	NC_001147.6	340310	340324	+	14.52	GACTTGAACCTGGAA
2-GRATCGAACCSSKGA	STREME-2	NC_001137.3	288454	288468	+	14.45	GATTTGAACCAGCGC
2-GRATCGAACCSSKGA	STREME-2	NC_001148.4	689619	689633	-	14.45	GATTTGAACCAGCGC
2-GRATCGAACCSSKGA	STREME-2	NC_001143.9	302996	303010	-	14.26	GAATTGAACCTGCAA
2-GRATCGAACCSSKGA	STREME-2	NC_001139.9	287361	287375	+	14.26	GAATTGAACCTGCAA
2-GRATCGAACCSSKGA	STREME-2	NC_001139.9	857389	857403	+	13.83	GATTCGAACTCTTGC
2-GRATCGAACCSSKGA	STREME-2	NC_001142.9	517819	517833	-	13.09	GGATCGAAACCGAGC
2-GRATCGAACCSSKGA	STREME-2	NC_001137.3	100182	100196	+	13.09	GGATCGAAACCGAGC
2-GRATCGAACCSSKGA	STREME-2	NC_001148.4	338854	338868	-	13.09	GGATCGAAACCGAGC
2-GRATCGAACCSSKGA	STREME-2	NC_001143.9	74670	74684	-	12.88	GGGTTGAACTCACGA
2-GRATCGAACCSSKGA	STREME-2	NC_001139.9	731183	731197	-	12.88	GGGTTGAACTCACGA
2-GRATCGAACCSSKGA	STREME-2	NC_001146.8	632645	632659	-	12.88	GGGTTGAACTCACGA
2-GRATCGAACCSSKGA	STREME-2	NC_001147.6	228377	228391	-	12.88	GGGTTGAACTCACGA
2-GRATCGAACCSSKGA	STREME-2	NC_001147.6	487485	487499	-	12.88	GGGTTGAACTCACGA
2-GRATCGAACCSSKGA	STREME-2	NC_001146.8	102762	102776	-	12.88	GGGTTGAACTCACGA
2-GRATCGAACCSSKGA	STREME-2	NC_001135.5	127762	127776	-	12.88	GGGTTGAACTCACGA
#
3-CCAACTDGGCYAH	STREME-3	NC_001136.10	434317	434329	+	20.29	CCAACTTGGCCAT
3-CCAACTDGGCYAH	STREME-3	NC_001134.8	266383	266395	-	20.29	CCAACTTGGCCAT
3-CCAACTDGGCYAH	STREME-3	NC_001135.5	295489	295501	-	20.29	CCAACTTGGCCAT
3-CCAACTDGGCYAH	STREME-3	NC_001143.9	74629	74641	-	20.29	CCAACTTGGCCAT
3-CCAACTDGGCYAH	STREME-3	NC_001138.5	137540	137552	+	20.29	CCAACTTGGCCAT
3-CCAACTDGGCYAH	STREME-3	NC_001147.6	113807	113819	-	20.29	CCAACTTGGCCAT
3-CCAACTDGGCYAH	STREME-3	NC_001148.4	810681	810693	-	20.29	CCAACTTGGCCAT
3-CCAACTDGGCYAH	STREME-3	NC_001146.8	560746	560758	+	20.29	CCAACTTGGCCAT
3-CCAACTDGGCYAH	STREME-3	NC_001139.9	731142	731154	-	20.29	CCAACTTGGCCAT
3-CCAACTDGGCYAH	STREME-3	NC_001141.2	325753	325765	-	20.29	CCAACTTGGCCAT
3-CCAACTDGGCYAH	STREME-3	NC_001142.9	59153	59165	+	20.29	CCAACTTGGCCAT
3-CCAACTDGGCYAH	STREME-3	NC_001146.8	632604	632616	-	20.29	CCAACTTGGCCAT
3-CCAACTDGGCYAH	STREME-3	NC_001140.6	116160	116172	+	20.29	CCAACTTGGCCAT
3-CCAACTDGGCYAH	STREME-3	NC_001141.2	175036	175048	-	20.29	CCAACTTGGCCAT
3-CCAACTDGGCYAH	STREME-3	NC_001147.6	354094	354106	+	20.29	CCAACTTGGCCAT
3-CCAACTDGGCYAH	STREME-3	NC_001147.6	228336	228348	-	20.29	CCAACTTGGCCAT
3-CCAACTDGGCYAH	STREME-3	NC_001147.6	487444	487456	-	20.29	CCAACTTGGCCAT
3-CCAACTDGGCYAH	STREME-3	NC_001146.8	104810	104822	-	20.29	CCAACTTGGCCAT
3-CCAACTDGGCYAH	STREME-3	NC_001146.8	102721	102733	-	20.29	CCAACTTGGCCAT
3-CCAACTDGGCYAH	STREME-3	NC_001135.5	127721	127733	-	20.29	CCAACTTGGCCAT
3-CCAACTDGGCYAH	STREME-3	NC_001142.9	354249	354261	-	20.22	CCAACTTGGCTAC
3-CCAACTDGGCYAH	STREME-3	NC_001138.5	210688	210700	+	20.22	CCAACTTGGCTAC
3-CCAACTDGGCYAH	STREME-3	NC_001136.10	946317	946329	-	20.22	CCAACTTGGCTAC
3-CCAACTDGGCYAH	STREME-3	NC_001142.9	543025	543037	+	20.22	CCAACTTGGCTAC
3-CCAACTDGGCYAH	STREME-3	NC_001145.3	168800	168812	-	20.22	CCAACTTGGCTAC
3-CCAACTDGGCYAH	STREME-3	NC_001145.3	837933	837945	-	20.22	CCAACTTGGCTAC
3-CCAACTDGGCYAH	STREME-3	NC_001147.6	288197	288209	-	20.22	CCAACTTGGCTAC
3-CCAACTDGGCYAH	STREME-3	NC_001141.2	210670	210682	-	19.81	CCAACTGGGCCAA
3-CCAACTDGGCYAH	STREME-3	NC_001146.8	602317	602329	-	19.81	CCAACTGGGCCAA
3-CCAACTDGGCYAH	STREME-3	NC_001139.9	739127	739139	-	19.81	CCAACTGGGCCAA
3-CCAACTDGGCYAH	STREME-3	NC_001144.5	734807	734819	-	19.81	CCAACTGGGCCAA
3-CCAACTDGGCYAH	STREME-3	NC_001137.3	443256	443268	+	19.81	CCAACTGGGCCAA
3-CCAACTDGGCYAH	STREME-3	NC_001148.4	819534	819546	-	19.81	CCAACTGGGCCAA
3-CCAACTDGGCYAH	STREME-3	NC_001137.3	551339	551351	+	19.81	CCAACTGGGCCAA
3-CCAACTDGGCYAH	STREME-3	NC_001141.2	183494	183506	+	19.81	CCAACTGGGCCAA
3-CCAACTDGGCYAH	STREME-3	NC_001146.8	569921	569933	+	19.81	CCAACTGGGCCAA
3-CCAACTDGGCYAH	STREME-3	NC_001134.8	197499	197511	-	19.81	CCAACTGGGCCAA
3-CCAACTDGGCYAH	STREME-3	NC_001148.4	880350	880362	+	19.81	CCAACTGGGCCAA
3-CCAACTDGGCYAH	STREME-3	NC_001148.4	769283	769295	+	18.37	CCAACTGAGCTAA
3-CCAACTDGGCYAH	STREME-3	NC_001136.10	1095442	1095454	+	18.37	CCAACTGAGCTAA
3-CCAACTDGGCYAH	STREME-3	NC_001145.3	352285	352297	-	18.37	CCAACTGAGCTAA
3-CCAACTDGGCYAH	STREME-3	NC_001136.10	359582	359594	-	18.37	CCAACTGAGCTAA
3-CCAACTDGGCYAH	STREME-3	NC_001140.6	358550	358562	+	18.37	CCAACTGAGCTAA
3-CCAACTDGGCYAH	STREME-3	NC_001147.6	438648	438660	-	18.37	CCAACTGAGCTAA
3-CCAACTDGGCYAH	STREME-3	NC_001148.4	622612	622624	+	18.37	CCAACTGAGCTAA
3-CCAACTDGGCYAH	STREME-3	NC_001139.9	115493	115505	-	18.37	CCAACTGAGCTAA
3-CCAACTDGGCYAH	STREME-3	NC_001144.5	875381	875393	-	18.37	CCAACTGAGCTAA
3-CCAACTDGGCYAH	STREME-3	NC_001148.4	560270	560282	+	18.37	CCAACTGAGCTAA
3-CCAACTDGGCYAH	STREME-3	NC_001139.9	701029	701041	+	18.37	CCAACTGAGCTAA
3-CCAACTDGGCYAH	STREME-3	NC_001138.5	157988	158000	+	18.37	CCAACTGAGCTAA
3-CCAACTDGGCYAH	STREME-3	NC_001143.9	578970	578982	-	18.37	CCAACTGAGCTAA
3-CCAACTDGGCYAH	STREME-3	NC_001139.9	440788	440800	+	18.37	CCAACTGAGCTAA
3-CCAACTDGGCYAH	STREME-3	NC_001146.8	374874	374886	-	18.37	CCAACTGAGCTAA
3-CCAACTDGGCYAH	STREME-3	NC_001140.6	237920	237932	+	18.37	CCAACTGAGCTAA
3-CCAACTDGGCYAH	STREME-3	NC_001147.6	854240	854252	+	18.13	CCAACTGCGCCAT
3-CCAACTDGGCYAH	STREME-3	NC_001133.9	166272	166284	-	18.13	CCAACTGCGCCAT
3-CCAACTDGGCYAH	STREME-3	NC_001139.9	794422	794434	-	18.13	CCAACTGCGCCAT
3-CCAACTDGGCYAH	STREME-3	NC_001144.5	214936	214948	+	18.13	CCAACTGCGCCAT
3-CCAACTDGGCYAH	STREME-3	NC_001137.3	312076	312088	+	18.13	CCAACTGCGCCAT
3-CCAACTDGGCYAH	STREME-3	NC_001145.3	321200	321212	+	17.62	CCGACTACGCCAC
3-CCAACTDGGCYAH	STREME-3	NC_001139.9	774354	774366	-	17.62	CCGACTACGCCAC
3-CCAACTDGGCYAH	STREME-3	NC_001143.9	219900	219912	-	17.62	CCGACTACGCCAC
3-CCAACTDGGCYAH	STREME-3	NC_001140.6	146295	146307	+	17.62	CCGACTACGCCAC
3-CCAACTDGGCYAH	STREME-3	NC_001142.9	197366	197378	+	17.62	CCGACTACGCCAC
3-CCAACTDGGCYAH	STREME-3	NC_001138.5	204977	204989	+	17.62	CCGACTACGCCAC
3-CCAACTDGGCYAH	STREME-3	NC_001144.5	656987	656999	+	17.62	CCGACTACGCCAC
3-CCAACTDGGCYAH	STREME-3	NC_001136.10	410384	410396	-	17.62	CCGACTACGCCAC
3-CCAACTDGGCYAH	STREME-3	NC_001148.4	856907	856919	-	17.62	CCGACTACGCCAC
3-CCAACTDGGCYAH	STREME-3	NC_001145.3	768422	768434	+	17.62	CCGACTACGCCAC
3-CCAACTDGGCYAH	STREME-3	NC_001143.9	308198	308210	+	17.32	CCGACTAGACCAC
3-CCAACTDGGCYAH	STREME-3	NC_001137.3	438705	438717	-	17.32	CCGACTAGACCAC
3-CCAACTDGGCYAH	STREME-3	NC_001144.5	687913	687925	+	17.32	CCGACTAGACCAC
3-CCAACTDGGCYAH	STREME-3	NC_001147.6	663866	663878	+	17.32	CCGACTAGACCAC
3-CCAACTDGGCYAH	STREME-3	NC_001142.9	378365	378377	-	17.32	CCGACTAGACCAC
3-CCAACTDGGCYAH	STREME-3	NC_001139.9	823487	823499	-	17.32	CCGACTAGACCAC
3-CCAACTDGGCYAH	STREME-3	NC_001145.3	420642	420654	+	17.32	CCGACTAGACCAC
3-CCAACTDGGCYAH	STREME-3	NC_001140.6	85352	85364	+	17.32	CCGACTAGACCAC
3-CCAACTDGGCYAH	STREME-3	NC_001137.3	469462	469474	-	17.32	CCGACTAGACCAC
3-CCAACTDGGCYAH	STREME-3	NC_001145.3	372499	372511	+	17.32	CCGACTAGACCAC
3-CCAACTDGGCYAH	STREME-3	NC_001139.9	412348	412360	+	17.32	CCGACTAGACCAC
3-CCAACTDGGCYAH	STREME-3	NC_001143.9	379685	379697	-	17.32	CCGACTAGACCAC
3-CCAACTDGGCYAH	STREME-3	NC_001139.9	73883	73895	+	17.32	CCGACTAGACCAC
3-CCAACTDGGCYAH	STREME-3	NC_001147.6	282187	282199	+	17.10	CCAACGTTGCCAT
3-CCAACTDGGCYAH	STREME-3	NC_001139.9	845672	845684	+	17.10	CCAACGTTGCCAT
3-CCAACTDGGCYAH	STREME-3	NC_001148.4	572292	572304	+	17.10	CCAACGTTGCCAT
3-CCAACTDGGCYAH	STREME-3	NC_001136.10	83571	83583	+	17.10	CCAACGTTGCCAT
3-CCAACTDGGCYAH	STREME-3	NC_001138.5	162251	162263	+	17.10	CCAACGTTGCCAT
3-CCAACTDGGCYAH	STREME-3	NC_001137.3	61923	61935	-	17.10	CCAACGTTGCCAT
3-CCAACTDGGCYAH	STREME-3	NC_001148.4	860402	860414	+	17.10	CCAACGTTGCCAT
3-CCAACTDGGCYAH	STREME-3	NC_001142.9	531851	531863	+	17.10	CCAACGTTGCCAT
3-CCAACTDGGCYAH	STREME-3	NC_001136.10	992855	992867	+	17.10	CCAACGTTGCCAT
3-CCAACTDGGCYAH	STREME-3	NC_001147.6	226644	226656	-	17.10	CCAACGTTGCCAT
3-CCAACTDGGCYAH	STREME-3	NC_001138.5	181007	181019	-	17.10	CCAACGTTGCCAT
3-CCAACTDGGCYAH	STREME-3	NC_001139.9	930986	930998	-	17.10	CCAACGTTGCCAT
3-CCAACTDGGCYAH	STREME-3	NC_001145.3	183931	183943	-	17.10	CCAACGTTGCCAT
3-CCAACTDGGCYAH	STREME-3	NC_001142.9	396759	396771	-	17.10	CCAACGTTGCCAT
3-CCAACTDGGCYAH	STREME-3	NC_001136.10	1175834	1175846	-	16.49	CCTACTGAGCTAC
3-CCAACTDGGCYAH	STREME-3	NC_001147.6	976426	976438	-	16.49	CCTACTGAGCTAC
3-CCAACTDGGCYAH	STREME-3	NC_001142.9	391096	391108	+	16.49	CCTACTGAGCTAC
3-CCAACTDGGCYAH	STREME-3	NC_001142.9	422942	422954	-	16.49	CCTACTGAGCTAC
3-CCAACTDGGCYAH	STREME-3	NC_001145.3	572936	572948	+	16.49	CCTACTGAGCTAC
3-CCAACTDGGCYAH	STREME-3	NC_001145.3	480683	480695	+	16.33	CCAACAAGGCTAC
3-CCAACTDGGCYAH	STREME-3	NC_001139.9	185776	185788	+	15.45	CCAACAAGGCTAT
3-CCAACTDGGCYAH	STREME-3	NC_001136.10	1352528	1352540	+	15.45	CCAACAAGGCTAT
3-CCAACTDGGCYAH	STREME-3	NC_001139.9	876390	876402	-	15.45	CCAACAAGGCTAT
3-CCAACTDGGCYAH	STREME-3	NC_001136.10	1201746	1201758	-	15.45	CCAACAAGGCTAT
3-CCAACTDGGCYAH	STREME-3	NC_001142.9	414962	414974	-	15.19	CCAACAAGGCTAA
3-CCAACTDGGCYAH	STREME-3	NC_001139.9	122265	122277	-	15.19	CCAACAAGGCTAA
3-CCAACTDGGCYAH	STREME-3	NC_001139.9	185711	185723	-	13.62	CCTACAGGGCTAT
3-CCAACTDGGCYAH	STREME-3	NC_001141.2	300225	300237	-	13.62	CCTACAGGGCTAT
3-CCAACTDGGCYAH	STREME-3	NC_001139.9	122330	122342	+	13.62	CCTACAGGGCTAT
#
4-AAGGCGYMWGACTN	STREME-4	NC_001142.9	354265	354278	+	21.11	AAGGCGCAAGACTG
4-AAGGCGYMWGACTN	STREME-4	NC_001138.5	210671	210684	-	21.11	AAGGCGCAAGACTG
4-AAGGCGYMWGACTN	STREME-4	NC_001136.10	946333	946346	+	21.11	AAGGCGCAAGACTG
4-AAGGCGYMWGACTN	STREME-4	NC_001142.9	543008	543021	-	21.11	AAGGCGCAAGACTG
4-AAGGCGYMWGACTN	STREME-4	NC_001145.3	168816	168829	+	21.11	AAGGCGCAAGACTG
4-AAGGCGYMWGACTN	STREME-4	NC_001145.3	837949	837962	+	21.11	AAGGCGCAAGACTG
4-AAGGCGYMWGACTN	STREME-4	NC_001147.6	288213	288226	+	21.11	AAGGCGCAAGACTG
4-AAGGCGYMWGACTN	STREME-4	NC_001138.5	167458	167471	+	21.11	AAGGCGCAAGACTG
4-AAGGCGYMWGACTN	STREME-4	NC_001141.2	248869	248882	+	20.32	AAGGCGACAGACTT
4-AAGGCGYMWGACTN	STREME-4	NC_001137.3	288490	288503	-	20.32	AAGGCGACAGACTT
4-AAGGCGYMWGACTN	STREME-4	NC_001148.4	689584	689597	+	20.32	AAGGCGACAGACTT
4-AAGGCGYMWGACTN	STREME-4	NC_001137.3	138684	138697	+	20.16	AACGCGTCTGACTT
4-AAGGCGYMWGACTN	STREME-4	NC_001139.9	405488	405501	+	20.16	AACGCGTCTGACTT
4-AAGGCGYMWGACTN	STREME-4	NC_001139.9	828761	828774	-	20.16	AACGCGTCTGACTT
4-AAGGCGYMWGACTN	STREME-4	NC_001142.9	374544	374557	-	20.16	AACGCGTCTGACTT
4-AAGGCGYMWGACTN	STREME-4	NC_001134.8	405896	405909	+	20.16	AACGCGTCTGACTT
4-AAGGCGYMWGACTN	STREME-4	NC_001145.3	747930	747943	-	20.16	AACGCGTCTGACTT
4-AAGGCGYMWGACTN	STREME-4	NC_001145.3	131863	131876	-	20.16	AACGCGTCTGACTT
4-AAGGCGYMWGACTN	STREME-4	NC_001139.9	736358	736371	+	20.16	AACGCGTCTGACTT
4-AAGGCGYMWGACTN	STREME-4	NC_001143.9	162525	162538	-	20.16	AACGCGTCTGACTT
4-AAGGCGYMWGACTN	STREME-4	NC_001134.8	9603	9616	+	19.68	AAGGCGGCAGACTT
4-AAGGCGYMWGACTN	STREME-4	NC_001144.5	963020	963033	-	19.68	AAGGCGGCAGACTT
4-AAGGCGYMWGACTN	STREME-4	NC_001143.9	84228	84241	+	19.68	AAGGCGGCAGACTT
4-AAGGCGYMWGACTN	STREME-4	NC_001134.8	347623	347636	+	19.68	AAGGCGGCAGACTT
4-AAGGCGYMWGACTN	STREME-4	NC_001142.9	424480	424493	-	19.68	AAGGCGGCAGACTT
4-AAGGCGYMWGACTN	STREME-4	NC_001136.10	519763	519776	+	19.68	AAGGCGGCAGACTT
4-AAGGCGYMWGACTN	STREME-4	NC_001146.8	726182	726195	-	19.68	AAGGCGGCAGACTT
4-AAGGCGYMWGACTN	STREME-4	NC_001142.9	617939	617952	+	19.24	AAGGCGTCAGATTT
4-AAGGCGYMWGACTN	STREME-4	NC_001144.5	592584	592597	-	19.24	AAGGCGTCAGATTT
4-AAGGCGYMWGACTN	STREME-4	NC_001144.5	732110	732123	+	19.24	AAGGCGTCAGATTT
4-AAGGCGYMWGACTN	STREME-4	NC_001133.9	181161	181174	+	19.14	AAGGCGCCTGATTC
4-AAGGCGYMWGACTN	STREME-4	NC_001143.9	458577	458590	+	19.14	AAGGCGCCTGATTC
4-AAGGCGYMWGACTN	STREME-4	NC_001146.8	443026	443039	+	19.14	AAGGCGCCTGATTC
4-AAGGCGYMWGACTN	STREME-4	NC_001145.3	504915	504928	+	19.14	AAGGCGCCTGATTC
4-AAGGCGYMWGACTN	STREME-4	NC_001144.5	628403	628416	+	19.14	AAGGCGCCTGATTC
4-AAGGCGYMWGACTN	STREME-4	NC_001139.9	205541	205554	+	19.14	AAGGCGCCTGATTC
4-AAGGCGYMWGACTN	STREME-4	NC_001139.9	857456	857469	-	19.14	AAGGCGCCTGATTC
4-AAGGCGYMWGACTN	STREME-4	NC_001136.10	1461794	1461807	-	19.14	AAGGCGCCTGATTC
4-AAGGCGYMWGACTN	STREME-4	NC_001139.9	423112	423125	+	19.14	AAGGCGCCTGATTC
4-AAGGCGYMWGACTN	STREME-4	NC_001136.10	1095427	1095440	-	19.06	AGAGCGCCAGACTG
4-AAGGCGYMWGACTN	STREME-4	NC_001145.3	352299	352312	+	19.06	AGAGCGCCAGACTG
4-AAGGCGYMWGACTN	STREME-4	NC_001140.6	358535	358548	-	19.06	AGAGCGCCAGACTG
4-AAGGCGYMWGACTN	STREME-4	NC_001148.4	622597	622610	-	19.06	AGAGCGCCAGACTG
4-AAGGCGYMWGACTN	STREME-4	NC_001148.4	560255	560268	-	19.06	AGAGCGCCAGACTG
4-AAGGCGYMWGACTN	STREME-4	NC_001138.5	157973	157986	-	19.06	AGAGCGCCAGACTG
4-AAGGCGYMWGACTN	STREME-4	NC_001139.9	440773	440786	-	19.06	AGAGCGCCAGACTG
4-AAGGCGYMWGACTN	STREME-4	NC_001134.8	36417	36430	+	19.06	AGAGCGCCAGACTG
4-AAGGCGYMWGACTN	STREME-4	NC_001146.8	374888	374901	+	19.06	AGAGCGCCAGACTG
4-AAGGCGYMWGACTN	STREME-4	NC_001140.6	237905	237918	-	19.06	AGAGCGCCAGACTG
4-AAGGCGYMWGACTN	STREME-4	NC_001143.9	203018	203031	+	18.71	AGCGCGTATGACTC
4-AAGGCGYMWGACTN	STREME-4	NC_001139.9	185752	185765	-	18.71	AGCGCGTATGACTC
4-AAGGCGYMWGACTN	STREME-4	NC_001142.9	414985	414998	+	18.71	AGCGCGTATGACTC
4-AAGGCGYMWGACTN	STREME-4	NC_001145.3	480659	480672	-	18.71	AGCGCGTATGACTC
4-AAGGCGYMWGACTN	STREME-4	NC_001136.10	1352504	1352517	-	18.71	AGCGCGTATGACTC
4-AAGGCGYMWGACTN	STREME-4	NC_001137.3	435790	435803	-	18.71	AGCGCGTATGACTC
4-AAGGCGYMWGACTN	STREME-4	NC_001139.9	876413	876426	+	18.71	AGCGCGTATGACTC
4-AAGGCGYMWGACTN	STREME-4	NC_001141.2	300266	300279	-	18.71	AGCGCGTATGACTC
4-AAGGCGYMWGACTN	STREME-4	NC_001138.5	226726	226739	-	18.71	AGCGCGTATGACTC
4-AAGGCGYMWGACTN	STREME-4	NC_001136.10	1201769	1201782	+	18.71	AGCGCGTATGACTC
4-AAGGCGYMWGACTN	STREME-4	NC_001148.4	582081	582094	+	18.71	AGCGCGTATGACTC
4-AAGGCGYMWGACTN	STREME-4	NC_001137.3	135463	135476	-	18.71	AGCGCGTATGACTC
4-AAGGCGYMWGACTN	STREME-4	NC_001139.9	122288	122301	+	18.71	AGCGCGTATGACTC
4-AAGGCGYMWGACTN	STREME-4	NC_001136.10	434302	434315	-	18.31	AAGGCGCCACACTA
4-AAGGCGYMWGACTN	STREME-4	NC_001134.8	266397	266410	+	18.31	AAGGCGCCACACTA
4-AAGGCGYMWGACTN	STREME-4	NC_001135.5	295503	295516	+	18.31	AAGGCGCCACACTA
4-AAGGCGYMWGACTN	STREME-4	NC_001147.6	113821	113834	+	18.31	AAGGCGCCACACTA
4-AAGGCGYMWGACTN	STREME-4	NC_001146.8	560731	560744	-	18.31	AAGGCGCCACACTA
4-AAGGCGYMWGACTN	STREME-4	NC_001141.2	325767	325780	+	18.31	AAGGCGCCACACTA
4-AAGGCGYMWGACTN	STREME-4	NC_001142.9	59138	59151	-	18.31	AAGGCGCCACACTA
4-AAGGCGYMWGACTN	STREME-4	NC_001140.6	116145	116158	-	18.31	AAGGCGCCACACTA
4-AAGGCGYMWGACTN	STREME-4	NC_001141.2	175050	175063	+	18.31	AAGGCGCCACACTA
4-AAGGCGYMWGACTN	STREME-4	NC_001147.6	354079	354092	-	18.31	AAGGCGCCACACTA
4-AAGGCGYMWGACTN	STREME-4	NC_001146.8	104824	104837	+	18.31	AAGGCGCCACACTA
4-AAGGCGYMWGACTN	STREME-4	NC_001143.9	74644	74657	+	18.11	AAGGCGTGCGACTG
4-AAGGCGYMWGACTN	STREME-4	NC_001138.5	137524	137537	-	18.11	AAGGCGTGCGACTG
4-AAGGCGYMWGACTN	STREME-4	NC_001139.9	731157	731170	+	18.11	AAGGCGTGCGACTG
4-AAGGCGYMWGACTN	STREME-4	NC_001146.8	632619	632632	+	18.11	AAGGCGTGCGACTG
4-AAGGCGYMWGACTN	STREME-4	NC_001147.6	228351	228364	+	18.11	AAGGCGTGCGACTG
4-AAGGCGYMWGACTN	STREME-4	NC_001147.6	487459	487472	+	18.11	AAGGCGTGCGACTG
4-AAGGCGYMWGACTN	STREME-4	NC_001146.8	102736	102749	+	18.11	AAGGCGTGCGACTG
4-AAGGCGYMWGACTN	STREME-4	NC_001135.5	127736	127749	+	18.11	AAGGCGTGCGACTG
4-AAGGCGYMWGACTN	STREME-4	NC_001135.5	227961	227974	+	18.10	AAGGCGAGAGACTC
4-AAGGCGYMWGACTN	STREME-4	NC_001144.5	167991	168004	-	15.62	AAGGCGAAAGATTA
4-AAGGCGYMWGACTN	STREME-4	NC_001136.10	437791	437804	+	15.62	AAGGCGAAAGATTA
4-AAGGCGYMWGACTN	STREME-4	NC_001133.9	182569	182582	-	15.62	AAGGCGAAAGATTA
4-AAGGCGYMWGACTN	STREME-4	NC_001140.6	133073	133086	-	15.62	AAGGCGAAAGATTA
4-AAGGCGYMWGACTN	STREME-4	NC_001139.9	561709	561722	-	15.62	AAGGCGAAAGATTA
4-AAGGCGYMWGACTN	STREME-4	NC_001145.3	259205	259218	-	15.62	AAGGCGAAAGATTA
4-AAGGCGYMWGACTN	STREME-4	NC_001142.9	524059	524072	-	15.62	AAGGCGAAAGATTA
4-AAGGCGYMWGACTN	STREME-4	NC_001136.10	1305649	1305662	+	15.62	AAGGCGAAAGATTA
4-AAGGCGYMWGACTN	STREME-4	NC_001134.8	227094	227107	+	15.62	AAGGCGAAAGATTA
4-AAGGCGYMWGACTN	STREME-4	NC_001136.10	981021	981034	-	15.62	AAGGCGAAAGATTA
4-AAGGCGYMWGACTN	STREME-4	NC_001137.3	86623	86636	+	15.62	AAGGCGAAAGATTA
#
5-ATCTGTTGG	STREME-5	NC_001134.8	9620	9628	+	16.12	ATCTGTTGG
5-ATCTGTTGG	STREME-5	NC_001144.5	963008	963016	-	16.12	ATCTGTTGG
5-ATCTGTTGG	STREME-5	NC_001143.9	84245	84253	+	16.12	ATCTGTTGG
5-ATCTGTTGG	STREME-5	NC_001134.8	347640	347648	+	16.12	ATCTGTTGG
5-ATCTGTTGG	STREME-5	NC_001141.2	248886	248894	+	16.12	ATCTGTTGG
5-ATCTGTTGG	STREME-5	NC_001140.6	388999	389007	+	16.12	ATCTGTTGG
5-ATCTGTTGG	STREME-5	NC_001142.9	424468	424476	-	16.12	ATCTGTTGG
5-ATCTGTTGG	STREME-5	NC_001139.9	700660	700668	-	16.12	ATCTGTTGG
5-ATCTGTTGG	STREME-5	NC_001134.8	643033	643041	-	16.12	ATCTGTTGG
5-ATCTGTTGG	STREME-5	NC_001137.3	288478	288486	-	16.12	ATCTGTTGG
5-ATCTGTTGG	STREME-5	NC_001139.9	707134	707142	-	16.12	ATCTGTTGG
5-ATCTGTTGG	STREME-5	NC_001136.10	519780	519788	+	16.12	ATCTGTTGG
5-ATCTGTTGG	STREME-5	NC_001148.4	435919	435927	-	16.12	ATCTGTTGG
5-ATCTGTTGG	STREME-5	NC_001146.8	726170	726178	-	16.12	ATCTGTTGG
5-ATCTGTTGG	STREME-5	NC_001148.4	689601	689609	+	16.12	ATCTGTTGG
5-ATCTGTTGG	STREME-5	NC_001148.4	775791	775799	-	16.12	ATCTGTTGG
5-ATCTGTTGG	STREME-5	NC_001146.8	723153	723161	-	14.98	ATCTGTTGA
5-ATCTGTTGG	STREME-5	NC_001145.3	504881	504889	-	14.98	ATCTGTTGA
5-ATCTGTTGG	STREME-5	NC_001139.9	423078	423086	-	14.98	ATCTGTTGA
5-ATCTGTTGG	STREME-5	NC_001134.8	87939	87947	+	12.85	ATCTCTTGG
5-ATCTGTTGG	STREME-5	NC_001135.5	227997	228005	+	12.85	ATCTCTTGG
5-ATCTGTTGG	STREME-5	NC_001138.5	191616	191624	+	12.85	ATCTCTTGG
5-ATCTGTTGG	STREME-5	NC_001137.3	312106	312114	+	12.47	ATGTGTTGG
5-ATCTGTTGG	STREME-5	NC_001146.8	96312	96320	+	12.47	ATGTGTTGG
5-ATCTGTTGG	STREME-5	NC_001143.9	513408	513416	+	12.45	ATTTGTTGG
5-ATCTGTTGG	STREME-5	NC_001139.9	438974	438982	+	12.45	ATTTGTTGG
5-ATCTGTTGG	STREME-5	NC_001145.3	183981	183989	+	12.45	ATTTGTTGG
5-ATCTGTTGG	STREME-5	NC_001144.5	167979	167987	-	12.40	ATCTTTTGG
5-ATCTGTTGG	STREME-5	NC_001136.10	437808	437816	+	12.40	ATCTTTTGG
5-ATCTGTTGG	STREME-5	NC_001133.9	182557	182565	-	12.40	ATCTTTTGG
5-ATCTGTTGG	STREME-5	NC_001140.6	133061	133069	-	12.40	ATCTTTTGG
5-ATCTGTTGG	STREME-5	NC_001135.5	58759	58767	-	12.40	ATCTTTTGG
5-ATCTGTTGG	STREME-5	NC_001139.9	561697	561705	-	12.40	ATCTTTTGG
5-ATCTGTTGG	STREME-5	NC_001145.3	259193	259201	-	12.40	ATCTTTTGG
5-ATCTGTTGG	STREME-5	NC_001142.9	524047	524055	-	12.40	ATCTTTTGG
5-ATCTGTTGG	STREME-5	NC_001136.10	1305666	1305674	+	12.40	ATCTTTTGG
5-ATCTGTTGG	STREME-5	NC_001134.8	227111	227119	+	12.40	ATCTTTTGG
5-ATCTGTTGG	STREME-5	NC_001136.10	981009	981017	-	12.40	ATCTTTTGG
5-ATCTGTTGG	STREME-5	NC_001137.3	86640	86648	+	12.40	ATCTTTTGG
5-ATCTGTTGG	STREME-5	NC_001141.2	255010	255018	+	11.71	ATCTCTTGA
5-ATCTGTTGG	STREME-5	NC_001142.9	349433	349441	+	11.71	ATCTCTTGA
5-ATCTGTTGG	STREME-5	NC_001142.9	524097	524105	+	11.71	ATCTCTTGA
5-ATCTGTTGG	STREME-5	NC_001135.5	122381	122389	+	11.33	ATGTGTTGA
5-ATCTGTTGG	STREME-5	NC_001143.9	458543	458551	-	11.31	ATTTGTTGA
5-ATCTGTTGG	STREME-5	NC_001146.8	442992	443000	-	11.31	ATTTGTTGA
5-ATCTGTTGG	STREME-5	NC_001137.3	438688	438696	-	11.31	ATTTGTTGA
5-ATCTGTTGG	STREME-5	NC_001140.6	146318	146326	+	11.31	ATTTGTTGA
5-ATCTGTTGG	STREME-5	NC_001136.10	1461833	1461841	+	11.31	ATTTGTTGA
5-ATCTGTTGG	STREME-5	NC_001141.2	183517	183525	+	11.31	ATTTGTTGA
5-ATCTGTTGG	STREME-5	NC_001145.3	213988	213996	+	11.31	ATTTGTTGA
5-ATCTGTTGG	STREME-5	NC_001134.8	405864	405872	-	11.31	ATTTGTTGA
5-ATCTGTTGG	STREME-5	NC_001139.9	131338	131346	+	11.31	ATTTGTTGA
5-ATCTGTTGG	STREME-5	NC_001136.10	652701	652709	+	11.26	ATCTTTTGA
5-ATCTGTTGG	STREME-5	NC_001136.10	541821	541829	-	11.26	ATCTTTTGA
5-ATCTGTTGG	STREME-5	NC_001143.9	338869	338877	-	11.26	ATCTTTTGA
5-ATCTGTTGG	STREME-5	NC_001144.5	539645	539653	-	11.26	ATCTTTTGA
5-ATCTGTTGG	STREME-5	NC_001137.3	431301	431309	+	11.26	ATCTTTTGA
5-ATCTGTTGG	STREME-5	NC_001137.3	77979	77987	+	11.20	TTCTGTTGG
5-ATCTGTTGG	STREME-5	NC_001144.5	263175	263183	-	11.02	ATCTGTTGT
5-ATCTGTTGG	STREME-5	NC_001139.9	438479	438487	+	10.81	ATCCGTTGA
5-ATCTGTTGG	STREME-5	NC_001146.8	507319	507327	-	10.42	ATATGTTGG
5-ATCTGTTGG	STREME-5	NC_001139.9	648926	648934	+	10.42	ATATGTTGG
5-ATCTGTTGG	STREME-5	NC_001142.9	450855	450863	+	10.36	ATCTGATGA
5-ATCTGTTGG	STREME-5	NC_001147.6	552878	552886	-	10.11	ATGTCTTGG
5-ATCTGTTGG	STREME-5	NC_001136.10	1468574	1468582	-	10.06	TTCTGTTGA
5-ATCTGTTGG	STREME-5	NC_001142.9	160420	160428	+	9.31	ATTTCTTGG
5-ATCTGTTGG	STREME-5	NC_001137.3	469443	469451	-	9.31	ATTTCTTGG
5-ATCTGTTGG	STREME-5	NC_001138.5	181046	181054	+	9.31	ATTTCTTGG
#
6-AAGAAARAA	STREME-6	NC_001143.9	38633	38641	+	13.06	AAGAAAGAA
6-AAGAAARAA	STREME-6	NC_001147.6	797355	797363	-	13.06	AAGAAAGAA
6-AAGAAARAA	STREME-6	NC_001134.8	256274	256282	-	13.06	AAGAAAGAA
6-AAGAAARAA	STREME-6	NC_001148.4	731835	731843	+	13.06	AAGAAAGAA
6-AAGAAARAA	STREME-6	NC_001136.10	322183	322191	+	13.06	AAGAAAGAA
6-AAGAAARAA	STREME-6	NC_001135.5	58815	58823	-	13.06	AAGAAAGAA
6-AAGAAARAA	STREME-6	NC_001140.6	422833	422841	+	13.06	AAGAAAGAA
6-AAGAAARAA	STREME-6	NC_001137.3	237174	237182	+	13.06	AAGAAAGAA
6-AAGAAARAA	STREME-6	NC_001134.8	604469	604477	+	13.06	AAGAAAGAA
6-AAGAAARAA	STREME-6	NC_001139.9	867589	867597	+	13.06	AAGAAAGAA
6-AAGAAARAA	STREME-6	NC_001137.3	510179	510187	-	13.06	AAGAAAGAA
6-AAGAAARAA	STREME-6	NC_001147.6	408146	408154	+	13.06	AAGAAAGAA
6-AAGAAARAA	STREME-6	NC_001139.9	939689	939697	+	13.06	AAGAAAGAA
6-AAGAAARAA	STREME-6	NC_001139.9	316736	316744	-	11.92	AAGAAAGAG
6-AAGAAARAA	STREME-6	NC_001136.10	461362	461370	+	11.92	AAGAAAGAG
6-AAGAAARAA	STREME-6	NC_001141.2	122345	122353	+	11.92	AAGAAAGAG
6-AAGAAARAA	STREME-6	NC_001144.5	636706	636714	-	11.92	AAGAAAGAG
6-AAGAAARAA	STREME-6	NC_001137.3	196862	196870	+	11.92	AAGAAAGAG
6-AAGAAARAA	STREME-6	NC_001147.6	408156	408164	+	11.92	AAGAAAGAG
6-AAGAAARAA	STREME-6	NC_001136.10	1401736	1401744	+	11.92	AAGAAAGAG
6-AAGAAARAA	STREME-6	NC_001137.3	349478	349486	-	11.92	AAGAAAGAG
6-AAGAAARAA	STREME-6	NC_001148.4	74814	74822	+	11.92	AAGAAAGAG
6-AAGAAARAA	STREME-6	NC_001137.3	100690	100698	+	11.92	AAGAAAGAG
6-AAGAAARAA	STREME-6	NC_001142.9	150853	150861	+	11.92	AAGAAAGAG
6-AAGAAARAA	STREME-6	NC_001144.5	167931	167939	+	11.73	AAGAAAAAA
6-AAGAAARAA	STREME-6	NC_001147.6	253651	253659	+	11.73	AAGAAAAAA
6-AAGAAARAA	STREME-6	NC_001146.8	64588	64596	-	11.73	AAGAAAAAA
6-AAGAAARAA	STREME-6	NC_001136.10	356932	356940	+	11.73	AAGAAAAAA
6-AAGAAARAA	STREME-6	NC_001144.5	265318	265326	-	11.73	AAGAAAAAA
6-AAGAAARAA	STREME-6	NC_001136.10	1095418	1095426	-	11.73	AAGAAAAAA
6-AAGAAARAA	STREME-6	NC_001136.10	1355563	1355571	-	11.73	AAGAAAAAA
6-AAGAAARAA	STREME-6	NC_001148.4	164022	164030	+	11.73	AAGAAAAAA
6-AAGAAARAA	STREME-6	NC_001146.8	230691	230699	+	11.73	AAGAAAAAA
6-AAGAAARAA	STREME-6	NC_001141.2	255026	255034	-	11.73	AAGAAAAAA
6-AAGAAARAA	STREME-6	NC_001146.8	418616	418624	-	11.73	AAGAAAAAA
6-AAGAAARAA	STREME-6	NC_001148.4	432530	432538	+	11.73	AAGAAAAAA
6-AAGAAARAA	STREME-6	NC_001139.9	115897	115905	-	11.73	AAGAAAAAA
6-AAGAAARAA	STREME-6	NC_001146.8	252016	252024	-	11.73	AAGAAAAAA
6-AAGAAARAA	STREME-6	NC_001141.2	325823	325831	-	11.73	AAGAAAAAA
6-AAGAAARAA	STREME-6	NC_001140.6	358526	358534	-	11.73	AAGAAAAAA
6-AAGAAARAA	STREME-6	NC_001145.3	626180	626188	-	11.73	AAGAAAAAA
6-AAGAAARAA	STREME-6	NC_001142.9	454776	454784	+	11.73	AAGAAAAAA
6-AAGAAARAA	STREME-6	NC_001139.9	876470	876478	-	11.73	AAGAAAAAA
6-AAGAAARAA	STREME-6	NC_001136.10	1461785	1461793	-	11.73	AAGAAAAAA
6-AAGAAARAA	STREME-6	NC_001141.2	175105	175113	-	11.73	AAGAAAAAA
6-AAGAAARAA	STREME-6	NC_001140.6	126511	126519	+	11.73	AAGAAAAAA
6-AAGAAARAA	STREME-6	NC_001148.4	560246	560254	-	11.73	AAGAAAAAA
6-AAGAAARAA	STREME-6	NC_001137.3	465015	465023	+	11.73	AAGAAAAAA
6-AAGAAARAA	STREME-6	NC_001136.10	363881	363889	-	11.73	AAGAAAAAA
6-AAGAAARAA	STREME-6	NC_001138.5	157964	157972	-	11.73	AAGAAAAAA
6-AAGAAARAA	STREME-6	NC_001148.4	593210	593218	+	11.73	AAGAAAAAA
6-AAGAAARAA	STREME-6	NC_001139.9	440764	440772	-	11.73	AAGAAAAAA
6-AAGAAARAA	STREME-6	NC_001137.3	135497	135505	-	11.73	AAGAAAAAA
6-AAGAAARAA	STREME-6	NC_001140.6	237896	237904	-	11.73	AAGAAAAAA
6-AAGAAARAA	STREME-6	NC_001139.9	609417	609425	+	11.73	AAGAAAAAA
6-AAGAAARAA	STREME-6	NC_001148.4	338831	338839	+	11.73	AAGAAAAAA
6-AAGAAARAA	STREME-6	NC_001137.3	423556	423564	+	11.33	AAGAAAGAT
6-AAGAAARAA	STREME-6	NC_001147.6	631883	631891	-	11.33	AAGAAAGAT
6-AAGAAARAA	STREME-6	NC_001139.9	280601	280609	+	11.33	AAGAAAGAT
6-AAGAAARAA	STREME-6	NC_001147.6	444613	444621	-	11.33	AAGAAAGAT
6-AAGAAARAA	STREME-6	NC_001144.5	65332	65340	+	11.33	AAGAAAGAT
6-AAGAAARAA	STREME-6	NC_001136.10	410344	410352	+	11.33	AAGAAAGAT
6-AAGAAARAA	STREME-6	NC_001147.6	505771	505779	+	11.33	AAGAAAGAT
6-AAGAAARAA	STREME-6	NC_001134.8	392903	392911	-	11.33	AAGAAAGAT
6-AAGAAARAA	STREME-6	NC_001142.9	349417	349425	+	11.33	AAGAAAGAT
6-AAGAAARAA	STREME-6	NC_001144.5	370197	370205	+	11.33	AAGAAAGAT
6-AAGAAARAA	STREME-6	NC_001144.5	263185	263193	+	11.05	AAGAAACAA
6-AAGAAARAA	STREME-6	NC_001147.6	160649	160657	+	11.05	AAGAAACAA
6-AAGAAARAA	STREME-6	NC_001142.9	355447	355455	-	11.05	AAGAAACAA
6-AAGAAARAA	STREME-6	NC_001137.3	469422	469430	-	11.05	AAGAAACAA
6-AAGAAARAA	STREME-6	NC_001142.9	374494	374502	+	11.05	AAGAAACAA
6-AAGAAARAA	STREME-6	NC_001145.3	131813	131821	+	11.05	AAGAAACAA
6-AAGAAARAA	STREME-6	NC_001136.10	568955	568963	-	11.05	AAGAAACAA
6-AAGAAARAA	STREME-6	NC_001145.3	651111	651119	+	11.05	AAGAAACAA
#
7-AATCAKAAGR	STREME-7	NC_001147.6	83040	83049	+	17.06	AATCAGAAGG
7-AATCAKAAGR	STREME-7	NC_001143.9	203034	203043	+	16.62	AATCATAAGG
7-AATCAKAAGR	STREME-7	NC_001139.9	185740	185749	-	16.62	AATCATAAGG
7-AATCAKAAGR	STREME-7	NC_001142.9	415001	415010	+	16.62	AATCATAAGG
7-AATCAKAAGR	STREME-7	NC_001145.3	480647	480656	-	16.62	AATCATAAGG
7-AATCAKAAGR	STREME-7	NC_001136.10	1352492	1352501	-	16.62	AATCATAAGG
7-AATCAKAAGR	STREME-7	NC_001137.3	435778	435787	-	16.62	AATCATAAGG
7-AATCAKAAGR	STREME-7	NC_001139.9	876429	876438	+	16.62	AATCATAAGG
7-AATCAKAAGR	STREME-7	NC_001141.2	300254	300263	-	16.62	AATCATAAGG
7-AATCAKAAGR	STREME-7	NC_001138.5	226714	226723	-	16.62	AATCATAAGG
7-AATCAKAAGR	STREME-7	NC_001136.10	1201785	1201794	+	16.62	AATCATAAGG
7-AATCAKAAGR	STREME-7	NC_001148.4	582097	582106	+	16.62	AATCATAAGG
7-AATCAKAAGR	STREME-7	NC_001137.3	135451	135460	-	16.62	AATCATAAGG
7-AATCAKAAGR	STREME-7	NC_001139.9	122304	122313	+	16.62	AATCATAAGG
7-AATCAKAAGR	STREME-7	NC_001137.3	138700	138709	+	16.19	AATCAGAAGA
7-AATCAKAAGR	STREME-7	NC_001139.9	405504	405513	+	16.19	AATCAGAAGA
7-AATCAKAAGR	STREME-7	NC_001139.9	828749	828758	-	16.19	AATCAGAAGA
7-AATCAKAAGR	STREME-7	NC_001142.9	374532	374541	-	16.19	AATCAGAAGA
7-AATCAKAAGR	STREME-7	NC_001134.8	405912	405921	+	16.19	AATCAGAAGA
7-AATCAKAAGR	STREME-7	NC_001145.3	747918	747927	-	16.19	AATCAGAAGA
7-AATCAKAAGR	STREME-7	NC_001145.3	131851	131860	-	16.19	AATCAGAAGA
7-AATCAKAAGR	STREME-7	NC_001139.9	736374	736383	+	16.19	AATCAGAAGA
7-AATCAKAAGR	STREME-7	NC_001143.9	162513	162522	-	16.19	AATCAGAAGA
7-AATCAKAAGR	STREME-7	NC_001136.10	568916	568925	+	16.19	AATCAGAAGA
7-AATCAKAAGR	STREME-7	NC_001136.10	434334	434343	-	14.94	AATCAGAAGC
7-AATCAKAAGR	STREME-7	NC_001148.4	404288	404297	+	14.50	AATCATAAGC
7-AATCAKAAGR	STREME-7	NC_001145.3	754266	754275	-	14.50	AATCATAAGC
7-AATCAKAAGR	STREME-7	NC_001136.10	1175864	1175873	+	13.90	AATCTGAAGG
7-AATCAKAAGR	STREME-7	NC_001147.6	976456	976465	+	13.90	AATCTGAAGG
7-AATCAKAAGR	STREME-7	NC_001142.9	422972	422981	+	13.90	AATCTGAAGG
7-AATCAKAAGR	STREME-7	NC_001145.3	572909	572918	-	13.90	AATCTGAAGG
7-AATCAKAAGR	STREME-7	NC_001143.9	491003	491012	+	12.80	AACCAGAAGA
7-AATCAKAAGR	STREME-7	NC_001136.10	619995	620004	-	12.80	AACCAGAAGA
7-AATCAKAAGR	STREME-7	NC_001144.5	374390	374399	+	12.80	AACCAGAAGA
7-AATCAKAAGR	STREME-7	NC_001147.6	340325	340334	-	12.80	AACCAGAAGA
7-AATCAKAAGR	STREME-7	NC_001143.9	519236	519245	-	12.42	AATCAGGAGA
7-AATCAKAAGR	STREME-7	NC_001142.9	228494	228503	+	12.25	AATCAAAAGA
7-AATCAKAAGR	STREME-7	NC_001136.10	310190	310199	-	12.25	AATCAAAAGA
7-AATCAKAAGR	STREME-7	NC_001141.2	257115	257124	+	12.25	AATCAAAAGA
7-AATCAKAAGR	STREME-7	NC_001145.3	297102	297111	-	11.96	AATCATAGGA
7-AATCAKAAGR	STREME-7	NC_001144.5	370583	370592	+	11.21	AATCAGACGC
7-AATCAKAAGR	STREME-7	NC_001136.10	363841	363850	+	11.00	AATCAAAAGC
