db_index	motif_id	motif_alt_id	consensus	E-value	adj_p-value	log_adj_p-value	bin_location	bin_width	total_width	sites_in_bin	total_sites	p_success	p-value	mult_tests
   3	UP00053_2	Rxra_secondary	KCRCRWAGKTYRNDHN	3.9e-4	   1.7e-7	         -15.61	         0.0	     22.0	         86	         176	        465	  0.25581	4.0e-9	        42
   4	MA1708.1	ETV7	DGSCGGAAGTR	8.3e-2	   3.5e-5	         -10.26	         0.0	     39.0	         91	         149	        257	  0.42857	7.8e-7	        45
   1	KTGGYBYAGTGGKWA	MEME-2	KTGGYBYAGTGGKWA	1.3e-1	   5.4e-5	          -9.83	         0.0	     63.0	         87	         141	        160	  0.72414	1.3e-6	        43
   3	UP00037_2	Zfp105_secondary	NYGNKTCAATAABTYKD	1.8e-1	   7.8e-5	          -9.46	         0.0	     45.0	         85	         228	        349	  0.52941	1.9e-6	        42
   4	MA1554.1	RFX7	CGTTGCYAY	8.3e-1	   3.5e-4	          -7.95	         0.0	     55.0	         93	         229	        323	  0.59140	7.7e-6	        46
   4	MA0645.1	ETV6	MSCGGAAGTR	1.1e0	   4.5e-4	          -7.70	         0.0	     40.0	         92	          99	        164	  0.43478	1.0e-5	        45
   4	MA1749.1	E2FC	AWDDWGGCGCCAAAA	1.3e0	   5.6e-4	          -7.50	         0.0	     17.0	         87	          10	         13	  0.19540	1.3e-5	        43
   4	MA0502.2	NFYB	CYCATTGGCCVV	1.5e0	   6.3e-4	          -7.37	         0.0	     24.0	         90	          70	        167	  0.26667	1.4e-5	        44
   4	MA0511.2	RUNX2	WAACCGCAA	1.5e0	   6.5e-4	          -7.35	         0.0	      5.0	         93	          26	        194	  0.05376	1.4e-5	        46
   4	MA0688.1	TBX2	DAGGTGTGAAA	1.7e0	   7.0e-4	          -7.26	         0.0	     33.0	         91	         143	        296	  0.36264	1.6e-5	        45
   4	MA1831.1	Zm00001d031796	SGACGGCGACGV	1.8e0	   7.5e-4	          -7.19	         0.0	     60.0	         90	         106	        127	  0.66667	1.7e-5	        44
   3	UP00084_2	Gmeb1_secondary	KGRBCRACGTYGTYHW	2.9e0	   1.2e-3	          -6.69	         0.0	     52.0	         86	         194	        268	  0.60465	3.0e-5	        42
   2	3-WACCACTAVRCCAMN	STREME-3	WACCACTAVRCCAMN	3.2e0	   1.4e-3	          -6.60	         0.0	     65.0	         87	         143	        163	  0.74713	3.2e-5	        43
   4	MA1827.1	Zm00001d044785	NNCCTTATCYN	4.5e0	   1.9e-3	          -6.26	         0.0	     47.0	         91	         232	        375	  0.51648	4.3e-5	        45
   4	MA0803.1	TBX15	AGGTGTGA	4.8e0	   2.0e-3	          -6.20	         0.0	     12.0	         94	          31	        117	  0.12766	4.4e-5	        46
   4	MA0062.3	GABPA	NNCACTTCCTGTNN	5.2e0	   2.2e-3	          -6.11	         0.0	     44.0	         88	         184	        300	  0.50000	5.1e-5	        43
   4	MA1045.1	NAC043	ATWACGTAAN	8.2e0	   3.5e-3	          -5.66	         0.0	     64.0	         92	         167	        205	  0.69565	7.7e-5	        45
   3	UP00087_2	Tcfap2c_secondary	NYGCCCDAGGGCWD	8.4e0	   3.6e-3	          -5.63	         0.0	     10.0	         88	          51	        261	  0.11364	8.3e-5	        43
   4	MA0710.1	NOTO	NYTAATTAVN	8.7e0	   3.7e-3	          -5.60	         0.0	     44.0	         92	         160	        269	  0.47826	8.2e-5	        45
   3	UP00013_2	Gabpa_secondary	CYNKYWTCCSMYBNVN	8.8e0	   3.8e-3	          -5.58	         0.0	     32.0	         86	         218	        477	  0.37209	9.0e-5	        42
   4	MA0232.1	lbl	TAATKA	9.8e0	   4.2e-3	          -5.48	         0.0	     36.0	         96	         189	        405	  0.37500	8.9e-5	        47

# CentriMo (Local Motif Enrichment Analysis): Version 5.5.7 compiled on Aug 29 2024 at 17:50:13
# The format of this file is described at https://meme-suite.org/meme/doc/centrimo-output-format.html.
# centrimo -seqlen 101 -verbosity 1 -oc centrimo_out -bfile ./background -score 5.0 -ethresh 10.0 ./3IAA_1_sequences.fa meme_out/meme.xml streme_out/streme.xml db/motif_databases/MOUSE/uniprobe_mouse.meme db/motif_databases/JASPAR/JASPAR2022_CORE_non-redundant_v2.meme
