motif_ID	motif_ALT_ID	motif_P-value	seq_ID	seq_Score	seq_Class	is_holdout?
1-GAATCGAACCSGKG	STREME-1	1.6e-003	NC_001147.6:594346-594447	23.97	tp	0
1-GAATCGAACCSGKG	STREME-1	1.6e-003	NC_001146.8:631823-631924	23.37	tp	0
1-GAATCGAACCSGKG	STREME-1	1.6e-003	NC_001135.5:123561-123662	23.37	tp	0
1-GAATCGAACCSGKG	STREME-1	1.6e-003	NC_001138.5:180976-181077	23.24	tp	0
1-GAATCGAACCSGKG	STREME-1	1.6e-003	NC_001147.6:282153-282254	23.24	tp	0
1-GAATCGAACCSGKG	STREME-1	1.6e-003	NC_001139.9:930954-931055	23.24	tp	0
1-GAATCGAACCSGKG	STREME-1	1.6e-003	NC_001136.10:992836-992937	23.24	tp	0
1-GAATCGAACCSGKG	STREME-1	1.6e-003	NC_001148.4:860366-860467	23.24	tp	0
1-GAATCGAACCSGKG	STREME-1	1.6e-003	NC_001137.3:61876-61977	23.24	tp	0
1-GAATCGAACCSGKG	STREME-1	1.6e-003	NC_001142.9:531794-531895	23.24	tp	0
1-GAATCGAACCSGKG	STREME-1	1.6e-003	NC_001148.4:572289-572390	23.24	tp	1
1-GAATCGAACCSGKG	STREME-1	1.6e-003	NC_001146.8:96234-96335	22.74	tp	0
1-GAATCGAACCSGKG	STREME-1	1.6e-003	NC_001139.9:779591-779692	22.74	tp	0
1-GAATCGAACCSGKG	STREME-1	1.6e-003	NC_001147.6:110949-111050	22.74	tp	0
1-GAATCGAACCSGKG	STREME-1	1.6e-003	NC_001139.9:328562-328663	22.58	tp	0
1-GAATCGAACCSGKG	STREME-1	1.6e-003	NC_001134.8:645145-645246	22.58	tp	0
1-GAATCGAACCSGKG	STREME-1	1.6e-003	NC_001137.3:354954-355055	22.58	tp	0
1-GAATCGAACCSGKG	STREME-1	1.6e-003	NC_001136.10:1017201-1017302	22.58	tp	0
1-GAATCGAACCSGKG	STREME-1	1.6e-003	NC_001137.3:177073-177174	22.58	tp	0
1-GAATCGAACCSGKG	STREME-1	1.6e-003	NC_001143.9:141006-141107	22.58	tp	0
1-GAATCGAACCSGKG	STREME-1	1.6e-003	NC_001139.9:541840-541941	22.58	tp	0
1-GAATCGAACCSGKG	STREME-1	1.6e-003	NC_001144.5:797152-797253	22.58	tp	0
1-GAATCGAACCSGKG	STREME-1	1.6e-003	NC_001136.10:520987-521088	22.06	tp	0
1-GAATCGAACCSGKG	STREME-1	1.6e-003	NC_001134.8:350809-350910	22.06	tp	0
1-GAATCGAACCSGKG	STREME-1	1.6e-003	NC_001140.6:475699-475800	21.64	tp	0
1-GAATCGAACCSGKG	STREME-1	1.6e-003	NC_001136.10:1075480-1075581	21.64	tp	0
1-GAATCGAACCSGKG	STREME-1	1.6e-003	NC_001147.6:854168-854269	20.96	tp	0
1-GAATCGAACCSGKG	STREME-1	1.6e-003	NC_001144.5:214886-214987	20.96	tp	0
1-GAATCGAACCSGKG	STREME-1	1.6e-003	NC_001137.3:312024-312125	20.96	tp	0
1-GAATCGAACCSGKG	STREME-1	1.6e-003	NC_001148.4:880286-880387	20.89	tp	0
1-GAATCGAACCSGKG	STREME-1	1.6e-003	NC_001148.4:819499-819600	20.89	tp	0
1-GAATCGAACCSGKG	STREME-1	1.6e-003	NC_001146.8:602300-602401	20.89	tp	1
1-GAATCGAACCSGKG	STREME-1	1.6e-003	NC_001134.8:197477-197578	20.89	tp	1
1-GAATCGAACCSGKG	STREME-1	1.6e-003	NC_001143.9:379672-379773	20.60	tp	0
1-GAATCGAACCSGKG	STREME-1	1.6e-003	NC_001145.3:420529-420630	20.60	tp	0
1-GAATCGAACCSGKG	STREME-1	1.6e-003	NC_001145.3:586645-586746	20.60	tp	0
1-GAATCGAACCSGKG	STREME-1	1.6e-003	NC_001147.6:663814-663915	20.60	tp	0
1-GAATCGAACCSGKG	STREME-1	1.6e-003	NC_001144.5:818612-818713	20.54	tp	0
1-GAATCGAACCSGKG	STREME-1	1.6e-003	NC_001139.9:774315-774416	20.33	tp	0
1-GAATCGAACCSGKG	STREME-1	1.6e-003	NC_001148.4:856871-856972	20.33	tp	0
1-GAATCGAACCSGKG	STREME-1	1.6e-003	NC_001138.5:204916-205017	20.33	tp	0
1-GAATCGAACCSGKG	STREME-1	1.6e-003	NC_001145.3:321139-321240	20.33	tp	0
1-GAATCGAACCSGKG	STREME-1	1.6e-003	NC_001144.5:656929-657030	20.33	tp	1
1-GAATCGAACCSGKG	STREME-1	1.6e-003	NC_001139.9:319816-319917	20.12	tp	0
1-GAATCGAACCSGKG	STREME-1	1.6e-003	NC_001145.3:363042-363143	20.12	tp	0
1-GAATCGAACCSGKG	STREME-1	1.6e-003	NC_001137.3:207350-207451	20.12	tp	0
1-GAATCGAACCSGKG	STREME-1	1.6e-003	NC_001148.4:769216-769317	19.78	tp	0
1-GAATCGAACCSGKG	STREME-1	1.6e-003	NC_001143.9:578961-579062	19.78	tp	0
1-GAATCGAACCSGKG	STREME-1	1.6e-003	NC_001136.10:359571-359672	19.78	tp	1
1-GAATCGAACCSGKG	STREME-1	1.6e-003	NC_001136.10:488789-488890	19.73	tp	0
1-GAATCGAACCSGKG	STREME-1	1.6e-003	NC_001145.3:808249-808350	19.56	tp	0
1-GAATCGAACCSGKG	STREME-1	1.6e-003	NC_001145.3:259147-259248	19.41	tp	0
1-GAATCGAACCSGKG	STREME-1	1.6e-003	NC_001144.5:167949-168050	19.41	tp	0
1-GAATCGAACCSGKG	STREME-1	1.6e-003	NC_001140.6:133033-133134	19.41	tp	0
1-GAATCGAACCSGKG	STREME-1	1.6e-003	NC_001140.6:388902-389003	19.21	tp	0
1-GAATCGAACCSGKG	STREME-1	1.6e-003	NC_001145.3:196076-196177	19.21	tp	0
1-GAATCGAACCSGKG	STREME-1	1.6e-003	NC_001144.5:784356-784457	18.83	tp	0
1-GAATCGAACCSGKG	STREME-1	1.6e-003	NC_001147.6:274662-274763	18.83	tp	0
1-GAATCGAACCSGKG	STREME-1	1.6e-003	NC_001142.9:424401-424502	18.59	tp	0
1-GAATCGAACCSGKG	STREME-1	1.6e-003	NC_001143.9:46746-46847	18.17	tp	0
1-GAATCGAACCSGKG	STREME-1	1.6e-003	NC_001139.9:700672-700773	17.82	tp	1
1-GAATCGAACCSGKG	STREME-1	1.6e-003	NC_001142.9:233911-234012	17.27	tp	0
1-GAATCGAACCSGKG	STREME-1	1.6e-003	NC_001137.3:135420-135521	16.96	tp	0
1-GAATCGAACCSGKG	STREME-1	1.6e-003	NC_001136.10:1201731-1201832	16.96	tp	0
1-GAATCGAACCSGKG	STREME-1	1.6e-003	NC_001143.9:202975-203076	16.96	tp	0
1-GAATCGAACCSGKG	STREME-1	1.6e-003	NC_001145.3:131770-131871	16.93	tp	0
1-GAATCGAACCSGKG	STREME-1	1.6e-003	NC_001137.3:138644-138745	16.93	tp	0
1-GAATCGAACCSGKG	STREME-1	1.6e-003	NC_001139.9:405446-405547	16.93	tp	0
1-GAATCGAACCSGKG	STREME-1	1.6e-003	NC_001134.8:405911-406012	16.93	tp	0
1-GAATCGAACCSGKG	STREME-1	1.6e-003	NC_001142.9:374483-374584	16.93	tp	0
1-GAATCGAACCSGKG	STREME-1	1.6e-003	NC_001136.10:568868-568969	16.93	tp	1
1-GAATCGAACCSGKG	STREME-1	1.6e-003	NC_001143.9:162476-162577	16.93	tp	1
1-GAATCGAACCSGKG	STREME-1	1.6e-003	NC_001135.5:295466-295567	16.81	tp	0
1-GAATCGAACCSGKG	STREME-1	1.6e-003	NC_001146.8:104792-104893	16.81	tp	0
1-GAATCGAACCSGKG	STREME-1	1.6e-003	NC_001134.8:266345-266446	16.81	tp	0
1-GAATCGAACCSGKG	STREME-1	1.6e-003	NC_001147.6:354034-354135	16.81	tp	0
1-GAATCGAACCSGKG	STREME-1	1.6e-003	NC_001142.9:355445-355546	16.80	tp	0
1-GAATCGAACCSGKG	STREME-1	1.6e-003	NC_001142.9:204729-204830	16.80	tp	0
1-GAATCGAACCSGKG	STREME-1	1.6e-003	NC_001142.9:354248-354349	16.72	tp	0
1-GAATCGAACCSGKG	STREME-1	1.6e-003	NC_001136.10:946364-946465	16.72	tp	0
1-GAATCGAACCSGKG	STREME-1	1.6e-003	NC_001140.6:237859-237960	16.65	tp	0
1-GAATCGAACCSGKG	STREME-1	1.6e-003	NC_001134.8:36382-36483	16.65	tp	0
1-GAATCGAACCSGKG	STREME-1	1.6e-003	NC_001136.10:884421-884522	16.02	tp	0
1-GAATCGAACCSGKG	STREME-1	1.6e-003	NC_001148.4:689541-689642	15.18	tp	0
1-GAATCGAACCSGKG	STREME-1	1.6e-003	NC_001146.8:632572-632673	15.05	tp	0
1-GAATCGAACCSGKG	STREME-1	1.6e-003	NC_001139.9:731126-731227	15.05	tp	0
1-GAATCGAACCSGKG	STREME-1	1.6e-003	NC_001144.5:628392-628493	14.98	tp	0
1-GAATCGAACCSGKG	STREME-1	1.6e-003	NC_001139.9:423105-423206	14.98	tp	0
1-GAATCGAACCSGKG	STREME-1	1.6e-003	NC_001136.10:1461725-1461826	14.98	tp	0
1-GAATCGAACCSGKG	STREME-1	1.6e-003	NC_001142.9:422919-423020	14.91	tp	0
1-GAATCGAACCSGKG	STREME-1	1.6e-003	NC_001147.6:976382-976483	14.91	tp	0
1-GAATCGAACCSGKG	STREME-1	1.6e-003	NC_001145.3:572860-572961	14.91	tp	0
1-GAATCGAACCSGKG	STREME-1	1.6e-003	NC_001136.10:1175807-1175908	14.91	tp	1
1-GAATCGAACCSGKG	STREME-1	1.6e-003	NC_001148.4:338847-338948	14.32	tp	0
1-GAATCGAACCSGKG	STREME-1	1.6e-003	NC_001137.3:100104-100205	14.32	tp	0
1-GAATCGAACCSGKG	STREME-1	1.6e-003	NC_001144.5:374339-374440	14.17	tp	0
1-GAATCGAACCSGKG	STREME-1	1.6e-003	NC_001142.9:415904-416005	14.10	tp	0
1-GAATCGAACCSGKG	STREME-1	1.6e-003	NC_001136.10:56692-56793	13.85	tp	0
1-GAATCGAACCSGKG	STREME-1	1.6e-003	NC_001139.9:661742-661843	13.34	tp	0
1-GAATCGAACCSGKG	STREME-1	1.6e-003	NC_001148.4:744243-744344	13.34	tp	0
1-GAATCGAACCSGKG	STREME-1	1.6e-003	NC_001142.9:521735-521836	12.35	tp	0
1-GAATCGAACCSGKG	STREME-1	1.6e-003	NC_001137.3:61014-61115	11.88	tp	0
1-GAATCGAACCSGKG	STREME-1	1.6e-003	NC_001145.3:636995-637096	11.27	tp	0
#
2-CATCGTK	STREME-2	2.4e-003	NC_001142.9:295126-295227	13.70	tp	0
2-CATCGTK	STREME-2	2.4e-003	NC_001145.3:131770-131871	13.70	tp	0
2-CATCGTK	STREME-2	2.4e-003	NC_001137.3:7547-7648	13.70	tp	0
2-CATCGTK	STREME-2	2.4e-003	NC_001137.3:138644-138745	13.70	tp	0
2-CATCGTK	STREME-2	2.4e-003	NC_001139.9:405446-405547	13.70	tp	0
2-CATCGTK	STREME-2	2.4e-003	NC_001141.2:420773-420874	13.70	tp	0
2-CATCGTK	STREME-2	2.4e-003	NC_001134.8:405911-406012	13.70	tp	0
2-CATCGTK	STREME-2	2.4e-003	NC_001147.6:458076-458177	13.70	tp	0
2-CATCGTK	STREME-2	2.4e-003	NC_001136.10:657456-657557	13.70	tp	0
2-CATCGTK	STREME-2	2.4e-003	NC_001142.9:374483-374584	13.70	tp	0
2-CATCGTK	STREME-2	2.4e-003	NC_001139.9:823435-823536	13.70	fp	0
2-CATCGTK	STREME-2	2.4e-003	NC_001145.3:204227-204328	13.70	fp	0
2-CATCGTK	STREME-2	2.4e-003	NC_001146.8:408102-408203	13.70	fp	0
2-CATCGTK	STREME-2	2.4e-003	NC_001136.10:568868-568969	13.70	tp	1
2-CATCGTK	STREME-2	2.4e-003	NC_001136.10:842027-842128	13.70	tp	1
2-CATCGTK	STREME-2	2.4e-003	NC_001143.9:162476-162577	13.70	tp	1
2-CATCGTK	STREME-2	2.4e-003	NC_001147.6:233764-233865	13.70	fp	1
2-CATCGTK	STREME-2	2.4e-003	NC_001138.5:180976-181077	12.34	tp	0
2-CATCGTK	STREME-2	2.4e-003	NC_001147.6:282153-282254	12.34	tp	0
2-CATCGTK	STREME-2	2.4e-003	NC_001136.10:512418-512519	12.34	tp	0
2-CATCGTK	STREME-2	2.4e-003	NC_001139.9:930954-931055	12.34	tp	0
2-CATCGTK	STREME-2	2.4e-003	NC_001144.5:592543-592644	12.34	tp	0
2-CATCGTK	STREME-2	2.4e-003	NC_001139.9:1063124-1063225	12.34	tp	0
2-CATCGTK	STREME-2	2.4e-003	NC_001136.10:992836-992937	12.34	tp	0
2-CATCGTK	STREME-2	2.4e-003	NC_001146.8:251951-252052	12.34	tp	0
2-CATCGTK	STREME-2	2.4e-003	NC_001136.10:765599-765700	12.34	tp	0
2-CATCGTK	STREME-2	2.4e-003	NC_001148.4:860366-860467	12.34	tp	0
2-CATCGTK	STREME-2	2.4e-003	NC_001136.10:132799-132900	12.34	tp	0
2-CATCGTK	STREME-2	2.4e-003	NC_001140.6:117665-117766	12.34	tp	0
2-CATCGTK	STREME-2	2.4e-003	NC_001145.3:363042-363143	12.34	tp	0
2-CATCGTK	STREME-2	2.4e-003	NC_001137.3:61876-61977	12.34	tp	0
2-CATCGTK	STREME-2	2.4e-003	NC_001137.3:207350-207451	12.34	tp	0
2-CATCGTK	STREME-2	2.4e-003	NC_001142.9:531794-531895	12.34	tp	0
2-CATCGTK	STREME-2	2.4e-003	NC_001145.3:897600-897701	12.34	fp	0
2-CATCGTK	STREME-2	2.4e-003	NC_001148.4:572289-572390	12.34	tp	1
2-CATCGTK	STREME-2	2.4e-003	NC_001139.9:672115-672216	12.34	tp	1
2-CATCGTK	STREME-2	2.4e-003	NC_001145.3:183914-184015	12.34	tp	1
2-CATCGTK	STREME-2	2.4e-003	NC_001134.8:718083-718184	12.34	tp	1
2-CATCGTK	STREME-2	2.4e-003	NC_001139.9:328562-328663	11.73	tp	0
2-CATCGTK	STREME-2	2.4e-003	NC_001134.8:645145-645246	11.73	tp	0
2-CATCGTK	STREME-2	2.4e-003	NC_001137.3:354954-355055	11.73	tp	0
2-CATCGTK	STREME-2	2.4e-003	NC_001136.10:1017201-1017302	11.73	tp	0
2-CATCGTK	STREME-2	2.4e-003	NC_001137.3:177073-177174	11.73	tp	0
2-CATCGTK	STREME-2	2.4e-003	NC_001148.4:880286-880387	11.73	tp	0
2-CATCGTK	STREME-2	2.4e-003	NC_001143.9:141006-141107	11.73	tp	0
2-CATCGTK	STREME-2	2.4e-003	NC_001134.8:618736-618837	11.73	tp	0
2-CATCGTK	STREME-2	2.4e-003	NC_001148.4:819499-819600	11.73	tp	0
2-CATCGTK	STREME-2	2.4e-003	NC_001139.9:541840-541941	11.73	tp	0
2-CATCGTK	STREME-2	2.4e-003	NC_001144.5:797152-797253	11.73	tp	0
2-CATCGTK	STREME-2	2.4e-003	NC_001137.3:443222-443323	11.73	tp	0
2-CATCGTK	STREME-2	2.4e-003	NC_001139.9:541840-541941	11.73	fp	0
2-CATCGTK	STREME-2	2.4e-003	NC_001147.6:273745-273846	11.73	tp	1
2-CATCGTK	STREME-2	2.4e-003	NC_001146.8:602300-602401	11.73	tp	1
2-CATCGTK	STREME-2	2.4e-003	NC_001134.8:197477-197578	11.73	tp	1
2-CATCGTK	STREME-2	2.4e-003	NC_001147.6:217116-217217	11.63	tp	0
2-CATCGTK	STREME-2	2.4e-003	NC_001144.5:605317-605418	11.63	tp	0
2-CATCGTK	STREME-2	2.4e-003	NC_001148.4:125891-125992	11.63	tp	0
2-CATCGTK	STREME-2	2.4e-003	NC_001137.3:461748-461849	11.63	tp	0
2-CATCGTK	STREME-2	2.4e-003	NC_001144.5:198669-198770	11.63	tp	1
#
3-WACCACTAVRCCAMN	STREME-3	3.3e-003	NC_001146.8:568100-568201	21.17	tp	0
3-WACCACTAVRCCAMN	STREME-3	3.3e-003	NC_001144.5:92533-92634	21.17	tp	0
3-WACCACTAVRCCAMN	STREME-3	3.3e-003	NC_001147.6:301081-301182	21.17	tp	0
3-WACCACTAVRCCAMN	STREME-3	3.3e-003	NC_001147.6:464430-464531	21.17	tp	0
3-WACCACTAVRCCAMN	STREME-3	3.3e-003	NC_001146.8:547072-547173	21.17	tp	0
3-WACCACTAVRCCAMN	STREME-3	3.3e-003	NC_001133.9:139139-139240	21.17	tp	0
3-WACCACTAVRCCAMN	STREME-3	3.3e-003	NC_001140.6:388902-389003	21.17	tp	0
3-WACCACTAVRCCAMN	STREME-3	3.3e-003	NC_001145.3:196076-196177	21.17	tp	0
3-WACCACTAVRCCAMN	STREME-3	3.3e-003	NC_001144.5:784356-784457	20.86	tp	0
3-WACCACTAVRCCAMN	STREME-3	3.3e-003	NC_001147.6:274662-274763	20.86	tp	0
3-WACCACTAVRCCAMN	STREME-3	3.3e-003	NC_001136.10:1150905-1151006	20.86	tp	0
3-WACCACTAVRCCAMN	STREME-3	3.3e-003	NC_001138.5:191531-191632	20.86	tp	0
3-WACCACTAVRCCAMN	STREME-3	3.3e-003	NC_001143.9:379672-379773	20.53	tp	0
3-WACCACTAVRCCAMN	STREME-3	3.3e-003	NC_001143.9:308164-308265	20.53	tp	0
3-WACCACTAVRCCAMN	STREME-3	3.3e-003	NC_001145.3:586645-586746	20.53	tp	0
3-WACCACTAVRCCAMN	STREME-3	3.3e-003	NC_001139.9:823435-823536	20.53	tp	0
3-WACCACTAVRCCAMN	STREME-3	3.3e-003	NC_001147.6:663814-663915	20.53	tp	0
3-WACCACTAVRCCAMN	STREME-3	3.3e-003	NC_001145.3:259147-259248	20.26	tp	0
3-WACCACTAVRCCAMN	STREME-3	3.3e-003	NC_001133.9:182535-182636	20.26	tp	0
3-WACCACTAVRCCAMN	STREME-3	3.3e-003	NC_001144.5:167949-168050	20.26	tp	0
3-WACCACTAVRCCAMN	STREME-3	3.3e-003	NC_001139.9:561674-561775	20.26	tp	0
3-WACCACTAVRCCAMN	STREME-3	3.3e-003	NC_001137.3:86567-86668	20.26	tp	0
3-WACCACTAVRCCAMN	STREME-3	3.3e-003	NC_001140.6:133033-133134	20.26	tp	0
3-WACCACTAVRCCAMN	STREME-3	3.3e-003	NC_001142.9:524032-524133	20.26	tp	0
3-WACCACTAVRCCAMN	STREME-3	3.3e-003	NC_001134.8:347560-347661	19.52	tp	0
3-WACCACTAVRCCAMN	STREME-3	3.3e-003	NC_001136.10:519712-519813	19.52	tp	0
3-WACCACTAVRCCAMN	STREME-3	3.3e-003	NC_001144.5:962995-963096	19.52	tp	0
3-WACCACTAVRCCAMN	STREME-3	3.3e-003	NC_001139.9:774315-774416	19.46	tp	0
3-WACCACTAVRCCAMN	STREME-3	3.3e-003	NC_001143.9:517913-518014	19.46	tp	0
3-WACCACTAVRCCAMN	STREME-3	3.3e-003	NC_001148.4:856871-856972	19.46	tp	0
3-WACCACTAVRCCAMN	STREME-3	3.3e-003	NC_001138.5:204916-205017	19.46	tp	0
3-WACCACTAVRCCAMN	STREME-3	3.3e-003	NC_001145.3:321139-321240	19.46	tp	0
3-WACCACTAVRCCAMN	STREME-3	3.3e-003	NC_001144.5:656929-657030	19.46	tp	1
3-WACCACTAVRCCAMN	STREME-3	3.3e-003	NC_001144.5:592543-592644	19.29	tp	0
3-WACCACTAVRCCAMN	STREME-3	3.3e-003	NC_001142.9:617899-618000	19.29	tp	0
3-WACCACTAVRCCAMN	STREME-3	3.3e-003	NC_001144.5:732065-732166	19.29	tp	0
3-WACCACTAVRCCAMN	STREME-3	3.3e-003	NC_001144.5:374339-374440	19.11	tp	0
3-WACCACTAVRCCAMN	STREME-3	3.3e-003	NC_001142.9:233911-234012	19.11	tp	0
3-WACCACTAVRCCAMN	STREME-3	3.3e-003	NC_001138.5:180976-181077	19.10	tp	0
3-WACCACTAVRCCAMN	STREME-3	3.3e-003	NC_001147.6:282153-282254	19.10	tp	0
3-WACCACTAVRCCAMN	STREME-3	3.3e-003	NC_001139.9:930954-931055	19.10	tp	0
3-WACCACTAVRCCAMN	STREME-3	3.3e-003	NC_001136.10:992836-992937	19.10	tp	0
3-WACCACTAVRCCAMN	STREME-3	3.3e-003	NC_001148.4:860366-860467	19.10	tp	0
3-WACCACTAVRCCAMN	STREME-3	3.3e-003	NC_001137.3:61876-61977	19.10	tp	0
3-WACCACTAVRCCAMN	STREME-3	3.3e-003	NC_001142.9:531794-531895	19.10	tp	0
3-WACCACTAVRCCAMN	STREME-3	3.3e-003	NC_001145.3:183914-184015	19.10	tp	1
3-WACCACTAVRCCAMN	STREME-3	3.3e-003	NC_001135.5:227901-228002	18.56	tp	0
3-WACCACTAVRCCAMN	STREME-3	3.3e-003	NC_001141.2:248816-248917	18.56	tp	0
3-WACCACTAVRCCAMN	STREME-3	3.3e-003	NC_001148.4:689541-689642	18.56	tp	0
3-WACCACTAVRCCAMN	STREME-3	3.3e-003	NC_001147.6:594346-594447	18.42	tp	0
3-WACCACTAVRCCAMN	STREME-3	3.3e-003	NC_001136.10:1257023-1257124	18.42	tp	0
3-WACCACTAVRCCAMN	STREME-3	3.3e-003	NC_001139.9:661742-661843	18.06	tp	0
3-WACCACTAVRCCAMN	STREME-3	3.3e-003	NC_001148.4:744243-744344	18.06	tp	0
3-WACCACTAVRCCAMN	STREME-3	3.3e-003	NC_001139.9:878747-878848	17.79	tp	0
3-WACCACTAVRCCAMN	STREME-3	3.3e-003	NC_001145.3:379340-379441	17.79	tp	0
3-WACCACTAVRCCAMN	STREME-3	3.3e-003	NC_001143.9:302902-303003	17.79	tp	0
3-WACCACTAVRCCAMN	STREME-3	3.3e-003	NC_001148.4:56205-56306	17.79	tp	0
3-WACCACTAVRCCAMN	STREME-3	3.3e-003	NC_001139.9:287394-287495	17.79	tp	0
3-WACCACTAVRCCAMN	STREME-3	3.3e-003	NC_001136.10:488789-488890	17.69	tp	0
3-WACCACTAVRCCAMN	STREME-3	3.3e-003	NC_001144.5:482035-482136	17.64	tp	0
3-WACCACTAVRCCAMN	STREME-3	3.3e-003	NC_001144.5:489352-489453	17.64	tp	0
3-WACCACTAVRCCAMN	STREME-3	3.3e-003	NC_001144.5:485708-485809	17.64	tp	0
3-WACCACTAVRCCAMN	STREME-3	3.3e-003	NC_001144.5:472464-472565	17.64	tp	0
3-WACCACTAVRCCAMN	STREME-3	3.3e-003	NC_001146.8:96234-96335	17.32	tp	0
3-WACCACTAVRCCAMN	STREME-3	3.3e-003	NC_001139.9:779591-779692	17.32	tp	0
3-WACCACTAVRCCAMN	STREME-3	3.3e-003	NC_001147.6:110949-111050	17.32	tp	0
3-WACCACTAVRCCAMN	STREME-3	3.3e-003	NC_001137.3:138644-138745	17.14	tp	0
3-WACCACTAVRCCAMN	STREME-3	3.3e-003	NC_001139.9:405446-405547	17.14	tp	0
3-WACCACTAVRCCAMN	STREME-3	3.3e-003	NC_001142.9:374483-374584	17.14	tp	0
3-WACCACTAVRCCAMN	STREME-3	3.3e-003	NC_001139.9:736287-736388	17.14	tp	0
3-WACCACTAVRCCAMN	STREME-3	3.3e-003	NC_001139.9:828751-828852	17.14	tp	0
3-WACCACTAVRCCAMN	STREME-3	3.3e-003	NC_001136.10:568868-568969	17.14	tp	1
3-WACCACTAVRCCAMN	STREME-3	3.3e-003	NC_001143.9:162476-162577	17.14	tp	1
3-WACCACTAVRCCAMN	STREME-3	3.3e-003	NC_001148.4:338847-338948	16.86	tp	0
3-WACCACTAVRCCAMN	STREME-3	3.3e-003	NC_001147.6:710137-710238	16.86	tp	0
3-WACCACTAVRCCAMN	STREME-3	3.3e-003	NC_001137.3:100104-100205	16.86	tp	0
3-WACCACTAVRCCAMN	STREME-3	3.3e-003	NC_001147.6:980659-980760	16.55	tp	0
3-WACCACTAVRCCAMN	STREME-3	3.3e-003	NC_001146.8:631823-631924	16.54	tp	0
3-WACCACTAVRCCAMN	STREME-3	3.3e-003	NC_001135.5:123561-123662	16.54	tp	0
3-WACCACTAVRCCAMN	STREME-3	3.3e-003	NC_001133.9:181133-181234	15.50	tp	0
3-WACCACTAVRCCAMN	STREME-3	3.3e-003	NC_001145.3:504886-504987	15.50	tp	0
3-WACCACTAVRCCAMN	STREME-3	3.3e-003	NC_001136.10:1461725-1461826	15.50	tp	0
3-WACCACTAVRCCAMN	STREME-3	3.3e-003	NC_001139.9:205521-205622	15.50	tp	1
3-WACCACTAVRCCAMN	STREME-3	3.3e-003	NC_001134.8:350809-350910	15.10	tp	0
3-WACCACTAVRCCAMN	STREME-3	3.3e-003	NC_001145.3:808249-808350	15.10	tp	0
3-WACCACTAVRCCAMN	STREME-3	3.3e-003	NC_001147.6:494430-494531	15.00	tp	0
3-WACCACTAVRCCAMN	STREME-3	3.3e-003	NC_001148.4:880286-880387	14.64	tp	0
3-WACCACTAVRCCAMN	STREME-3	3.3e-003	NC_001148.4:819499-819600	14.64	tp	0
3-WACCACTAVRCCAMN	STREME-3	3.3e-003	NC_001137.3:443222-443323	14.64	tp	0
3-WACCACTAVRCCAMN	STREME-3	3.3e-003	NC_001146.8:602300-602401	14.64	tp	1
3-WACCACTAVRCCAMN	STREME-3	3.3e-003	NC_001134.8:197477-197578	14.64	tp	1
3-WACCACTAVRCCAMN	STREME-3	3.3e-003	NC_001137.3:135420-135521	14.36	tp	0
3-WACCACTAVRCCAMN	STREME-3	3.3e-003	NC_001136.10:1201731-1201832	14.36	tp	0
3-WACCACTAVRCCAMN	STREME-3	3.3e-003	NC_001142.9:414920-415021	14.36	tp	0
3-WACCACTAVRCCAMN	STREME-3	3.3e-003	NC_001143.9:202975-203076	14.36	tp	0
3-WACCACTAVRCCAMN	STREME-3	3.3e-003	NC_001142.9:422919-423020	13.56	tp	0
3-WACCACTAVRCCAMN	STREME-3	3.3e-003	NC_001147.6:976382-976483	13.56	tp	0
3-WACCACTAVRCCAMN	STREME-3	3.3e-003	NC_001145.3:572860-572961	13.56	tp	0
3-WACCACTAVRCCAMN	STREME-3	3.3e-003	NC_001142.9:391066-391167	13.56	tp	0
3-WACCACTAVRCCAMN	STREME-3	3.3e-003	NC_001136.10:1175807-1175908	13.56	tp	1
3-WACCACTAVRCCAMN	STREME-3	3.3e-003	NC_001147.6:854168-854269	13.55	tp	0
3-WACCACTAVRCCAMN	STREME-3	3.3e-003	NC_001133.9:166226-166327	13.55	tp	0
3-WACCACTAVRCCAMN	STREME-3	3.3e-003	NC_001144.5:214886-214987	13.55	tp	0
3-WACCACTAVRCCAMN	STREME-3	3.3e-003	NC_001137.3:312024-312125	13.55	tp	0
3-WACCACTAVRCCAMN	STREME-3	3.3e-003	NC_001143.9:46746-46847	13.42	tp	0
#
4-ATGCGAGAG	STREME-4	2.9e-002	NC_001146.8:568100-568201	17.64	tp	0
4-ATGCGAGAG	STREME-4	2.9e-002	NC_001144.5:92533-92634	17.64	tp	0
4-ATGCGAGAG	STREME-4	2.9e-002	NC_001147.6:301081-301182	17.64	tp	0
4-ATGCGAGAG	STREME-4	2.9e-002	NC_001147.6:464430-464531	17.64	tp	0
4-ATGCGAGAG	STREME-4	2.9e-002	NC_001147.6:980659-980760	17.64	tp	0
4-ATGCGAGAG	STREME-4	2.9e-002	NC_001146.8:547072-547173	17.64	tp	0
4-ATGCGAGAG	STREME-4	2.9e-002	NC_001133.9:139139-139240	17.64	tp	0
4-ATGCGAGAG	STREME-4	2.9e-002	NC_001140.6:388902-389003	17.64	tp	0
4-ATGCGAGAG	STREME-4	2.9e-002	NC_001145.3:196076-196177	17.64	tp	0
4-ATGCGAGAG	STREME-4	2.9e-002	NC_001139.9:774315-774416	15.35	tp	0
4-ATGCGAGAG	STREME-4	2.9e-002	NC_001148.4:856871-856972	15.35	tp	0
4-ATGCGAGAG	STREME-4	2.9e-002	NC_001138.5:204916-205017	15.35	tp	0
4-ATGCGAGAG	STREME-4	2.9e-002	NC_001145.3:321139-321240	15.35	tp	0
4-ATGCGAGAG	STREME-4	2.9e-002	NC_001144.5:656929-657030	15.35	tp	1
4-ATGCGAGAG	STREME-4	2.9e-002	NC_001142.9:338107-338208	14.50	tp	0
4-ATGCGAGAG	STREME-4	2.9e-002	NC_001145.3:751685-751786	14.50	tp	0
4-ATGCGAGAG	STREME-4	2.9e-002	NC_001134.8:477549-477650	14.50	tp	0
4-ATGCGAGAG	STREME-4	2.9e-002	NC_001134.8:392829-392930	14.50	tp	0
4-ATGCGAGAG	STREME-4	2.9e-002	NC_001139.9:205521-205622	14.50	tp	1
4-ATGCGAGAG	STREME-4	2.9e-002	NC_001141.2:32-133	13.76	tp	0
4-ATGCGAGAG	STREME-4	2.9e-002	NC_001134.8:291960-292061	13.76	tp	0
4-ATGCGAGAG	STREME-4	2.9e-002	NC_001136.10:116191-116292	13.48	tp	0
4-ATGCGAGAG	STREME-4	2.9e-002	NC_001147.6:1043079-1043180	13.37	tp	0
4-ATGCGAGAG	STREME-4	2.9e-002	NC_001135.5:137032-137133	13.37	tp	1
4-ATGCGAGAG	STREME-4	2.9e-002	NC_001135.5:227901-228002	13.33	tp	0
4-ATGCGAGAG	STREME-4	2.9e-002	NC_001144.5:198669-198770	13.33	tp	1
4-ATGCGAGAG	STREME-4	2.9e-002	NC_001143.9:364557-364658	12.14	tp	0
4-ATGCGAGAG	STREME-4	2.9e-002	NC_001135.5:105596-105697	12.11	tp	0
4-ATGCGAGAG	STREME-4	2.9e-002	NC_001145.3:306597-306698	12.11	tp	1
#
5-CCAACTGAGCT	STREME-5	1.2e-001	NC_001148.4:622576-622677	20.58	tp	0
5-CCAACTGAGCT	STREME-5	1.2e-001	NC_001148.4:769216-769317	20.58	tp	0
5-CCAACTGAGCT	STREME-5	1.2e-001	NC_001144.5:875354-875455	20.58	tp	0
5-CCAACTGAGCT	STREME-5	1.2e-001	NC_001140.6:237859-237960	20.58	tp	0
5-CCAACTGAGCT	STREME-5	1.2e-001	NC_001143.9:578961-579062	20.58	tp	0
5-CCAACTGAGCT	STREME-5	1.2e-001	NC_001139.9:115459-115560	20.58	tp	0
5-CCAACTGAGCT	STREME-5	1.2e-001	NC_001134.8:36382-36483	20.58	tp	0
5-CCAACTGAGCT	STREME-5	1.2e-001	NC_001139.9:700968-701069	20.58	tp	0
5-CCAACTGAGCT	STREME-5	1.2e-001	NC_001136.10:359571-359672	20.58	tp	1
5-CCAACTGAGCT	STREME-5	1.2e-001	NC_001148.4:560250-560351	20.58	tp	1
5-CCAACTGAGCT	STREME-5	1.2e-001	NC_001135.5:50728-50829	17.02	tp	0
5-CCAACTGAGCT	STREME-5	1.2e-001	NC_001147.6:552891-552992	16.55	tp	0
5-CCAACTGAGCT	STREME-5	1.2e-001	NC_001134.8:347560-347661	16.02	tp	0
5-CCAACTGAGCT	STREME-5	1.2e-001	NC_001142.9:424401-424502	16.02	tp	0
5-CCAACTGAGCT	STREME-5	1.2e-001	NC_001136.10:519712-519813	16.02	tp	0
5-CCAACTGAGCT	STREME-5	1.2e-001	NC_001144.5:962995-963096	16.02	tp	0
5-CCAACTGAGCT	STREME-5	1.2e-001	NC_001137.3:135420-135521	14.96	tp	0
5-CCAACTGAGCT	STREME-5	1.2e-001	NC_001136.10:1201731-1201832	14.96	tp	0
5-CCAACTGAGCT	STREME-5	1.2e-001	NC_001143.9:202975-203076	14.96	tp	0
5-CCAACTGAGCT	STREME-5	1.2e-001	NC_001138.5:210634-210735	14.74	tp	0
5-CCAACTGAGCT	STREME-5	1.2e-001	NC_001142.9:354248-354349	14.74	tp	0
5-CCAACTGAGCT	STREME-5	1.2e-001	NC_001139.9:914993-915094	14.45	tp	0
5-CCAACTGAGCT	STREME-5	1.2e-001	NC_001137.3:205133-205234	13.00	fp	0
5-CCAACTGAGCT	STREME-5	1.2e-001	NC_001146.8:576065-576166	12.84	tp	0
5-CCAACTGAGCT	STREME-5	1.2e-001	NC_001139.9:534788-534889	12.80	tp	0
5-CCAACTGAGCT	STREME-5	1.2e-001	NC_001146.8:720708-720809	12.62	tp	1
5-CCAACTGAGCT	STREME-5	1.2e-001	NC_001136.10:914751-914852	12.59	tp	0
5-CCAACTGAGCT	STREME-5	1.2e-001	NC_001146.8:723137-723238	11.99	tp	0
5-CCAACTGAGCT	STREME-5	1.2e-001	NC_001147.6:898358-898459	11.66	tp	0
5-CCAACTGAGCT	STREME-5	1.2e-001	NC_001134.8:141140-141241	11.61	tp	0
5-CCAACTGAGCT	STREME-5	1.2e-001	NC_001145.3:756196-756297	11.61	tp	0
5-CCAACTGAGCT	STREME-5	1.2e-001	NC_001139.9:828751-828852	11.46	fp	0
5-CCAACTGAGCT	STREME-5	1.2e-001	NC_001134.8:124772-124873	11.43	tp	0
5-CCAACTGAGCT	STREME-5	1.2e-001	NC_001137.3:306220-306321	11.06	tp	0
5-CCAACTGAGCT	STREME-5	1.2e-001	NC_001143.9:258722-258823	10.99	tp	0
5-CCAACTGAGCT	STREME-5	1.2e-001	NC_001136.10:132799-132900	10.77	tp	0
5-CCAACTGAGCT	STREME-5	1.2e-001	NC_001147.6:110100-110201	10.68	tp	0
5-CCAACTGAGCT	STREME-5	1.2e-001	NC_001146.8:405580-405681	10.55	tp	0
5-CCAACTGAGCT	STREME-5	1.2e-001	NC_001141.2:248816-248917	10.49	tp	0
5-CCAACTGAGCT	STREME-5	1.2e-001	NC_001148.4:689541-689642	10.49	tp	0
#
6-ATATATATAT	STREME-6	2.3e-001	NC_001142.9:623031-623132	13.39	tp	0
6-ATATATATAT	STREME-6	2.3e-001	NC_001134.8:556193-556294	13.39	tp	0
6-ATATATATAT	STREME-6	2.3e-001	NC_001146.8:426926-427027	13.39	tp	0
6-ATATATATAT	STREME-6	2.3e-001	NC_001143.9:164841-164942	13.39	tp	0
6-ATATATATAT	STREME-6	2.3e-001	NC_001136.10:323627-323728	13.39	tp	0
6-ATATATATAT	STREME-6	2.3e-001	NC_001138.5:95059-95160	13.39	tp	0
6-ATATATATAT	STREME-6	2.3e-001	NC_001140.6:361953-362054	13.39	tp	0
6-ATATATATAT	STREME-6	2.3e-001	NC_001148.4:812684-812785	13.39	tp	0
6-ATATATATAT	STREME-6	2.3e-001	NC_001140.6:212781-212882	13.39	fp	0
6-ATATATATAT	STREME-6	2.3e-001	NC_001136.10:117559-117660	13.39	fp	0
6-ATATATATAT	STREME-6	2.3e-001	NC_001143.9:517913-518014	13.39	fp	0
6-ATATATATAT	STREME-6	2.3e-001	NC_001143.9:164841-164942	13.39	fp	0
6-ATATATATAT	STREME-6	2.3e-001	NC_001136.10:323627-323728	13.39	fp	0
6-ATATATATAT	STREME-6	2.3e-001	NC_001146.8:559158-559259	13.39	tp	1
6-ATATATATAT	STREME-6	2.3e-001	NC_001135.5:77945-78046	12.09	tp	0
6-ATATATATAT	STREME-6	2.3e-001	NC_001147.6:1059404-1059505	12.09	tp	0
6-ATATATATAT	STREME-6	2.3e-001	NC_001134.8:256201-256302	12.09	tp	0
6-ATATATATAT	STREME-6	2.3e-001	NC_001136.10:1525393-1525494	11.97	tp	0
6-ATATATATAT	STREME-6	2.3e-001	NC_001136.10:1328643-1328744	11.97	tp	0
6-ATATATATAT	STREME-6	2.3e-001	NC_001142.9:633001-633102	11.97	tp	0
6-ATATATATAT	STREME-6	2.3e-001	NC_001144.5:665052-665153	11.97	tp	0
6-ATATATATAT	STREME-6	2.3e-001	NC_001147.6:110100-110201	11.97	tp	0
6-ATATATATAT	STREME-6	2.3e-001	NC_001134.8:375731-375832	11.97	fp	0
6-ATATATATAT	STREME-6	2.3e-001	NC_001140.6:556910-557011	11.97	fp	0
6-ATATATATAT	STREME-6	2.3e-001	NC_001136.10:541793-541894	11.97	fp	0
6-ATATATATAT	STREME-6	2.3e-001	NC_001145.3:25843-25944	11.97	tp	1
6-ATATATATAT	STREME-6	2.3e-001	NC_001140.6:556910-557011	11.97	tp	1
6-ATATATATAT	STREME-6	2.3e-001	NC_001134.8:490503-490604	11.88	tp	0
6-ATATATATAT	STREME-6	2.3e-001	NC_001137.3:68883-68984	11.88	fp	1
6-ATATATATAT	STREME-6	2.3e-001	NC_001134.8:452494-452595	11.77	tp	0
6-ATATATATAT	STREME-6	2.3e-001	NC_001141.2:316667-316768	11.77	tp	0
6-ATATATATAT	STREME-6	2.3e-001	NC_001148.4:450547-450648	10.86	tp	0
6-ATATATATAT	STREME-6	2.3e-001	NC_001142.9:381158-381259	10.86	tp	0
6-ATATATATAT	STREME-6	2.3e-001	NC_001135.5:50728-50829	10.86	tp	0
6-ATATATATAT	STREME-6	2.3e-001	NC_001137.3:268192-268293	10.86	tp	0
6-ATATATATAT	STREME-6	2.3e-001	NC_001141.2:160649-160750	10.86	tp	0
6-ATATATATAT	STREME-6	2.3e-001	NC_001141.2:138087-138188	10.84	tp	0
6-ATATATATAT	STREME-6	2.3e-001	NC_001136.10:221868-221969	10.84	tp	0
6-ATATATATAT	STREME-6	2.3e-001	NC_001148.4:432448-432549	10.84	tp	0
6-ATATATATAT	STREME-6	2.3e-001	NC_001136.10:915346-915447	10.84	tp	0
6-ATATATATAT	STREME-6	2.3e-001	NC_001145.3:751685-751786	10.84	tp	0
6-ATATATATAT	STREME-6	2.3e-001	NC_001144.5:658492-658593	10.84	tp	0
6-ATATATATAT	STREME-6	2.3e-001	NC_001143.9:74582-74683	10.84	tp	1
6-ATATATATAT	STREME-6	2.3e-001	NC_001139.9:798426-798527	10.84	tp	1
6-ATATATATAT	STREME-6	2.3e-001	NC_001137.3:68883-68984	10.67	tp	0
6-ATATATATAT	STREME-6	2.3e-001	NC_001146.8:65549-65650	10.67	tp	0
6-ATATATATAT	STREME-6	2.3e-001	NC_001148.4:193507-193608	10.67	tp	0
6-ATATATATAT	STREME-6	2.3e-001	NC_001148.4:821665-821766	10.67	tp	0
6-ATATATATAT	STREME-6	2.3e-001	NC_001145.3:129535-129636	10.59	tp	0
6-ATATATATAT	STREME-6	2.3e-001	NC_001148.4:694970-695071	10.59	fp	0
6-ATATATATAT	STREME-6	2.3e-001	NC_001136.10:518630-518731	10.54	tp	0
6-ATATATATAT	STREME-6	2.3e-001	NC_001134.8:375731-375832	10.54	tp	0
6-ATATATATAT	STREME-6	2.3e-001	NC_001138.5:95059-95160	10.54	fp	1
6-ATATATATAT	STREME-6	2.3e-001	NC_001145.3:664552-664653	10.46	tp	0
6-ATATATATAT	STREME-6	2.3e-001	NC_001147.6:83011-83112	10.46	fp	0
6-ATATATATAT	STREME-6	2.3e-001	NC_001148.4:450547-450648	10.46	fp	0
6-ATATATATAT	STREME-6	2.3e-001	NC_001139.9:561674-561775	10.38	tp	0
6-ATATATATAT	STREME-6	2.3e-001	NC_001148.4:812684-812785	10.15	fp	0
6-ATATATATAT	STREME-6	2.3e-001	NC_001147.6:380922-381023	10.09	tp	0
6-ATATATATAT	STREME-6	2.3e-001	NC_001134.8:718083-718184	10.09	tp	1
6-ATATATATAT	STREME-6	2.3e-001	NC_001146.8:559158-559259	9.94	fp	0
6-ATATATATAT	STREME-6	2.3e-001	NC_001139.9:115850-115951	9.57	tp	0
6-ATATATATAT	STREME-6	2.3e-001	NC_001144.5:898054-898155	9.57	tp	0
6-ATATATATAT	STREME-6	2.3e-001	NC_001142.9:159878-159979	9.57	fp	1
6-ATATATATAT	STREME-6	2.3e-001	NC_001133.9:142085-142186	9.56	tp	0
6-ATATATATAT	STREME-6	2.3e-001	NC_001147.6:259273-259374	9.56	tp	0
6-ATATATATAT	STREME-6	2.3e-001	NC_001147.6:233764-233865	9.56	tp	0
6-ATATATATAT	STREME-6	2.3e-001	NC_001135.5:105596-105697	9.54	fp	0
6-ATATATATAT	STREME-6	2.3e-001	NC_001136.10:769065-769166	9.44	tp	0
6-ATATATATAT	STREME-6	2.3e-001	NC_001136.10:600638-600739	9.44	tp	0
6-ATATATATAT	STREME-6	2.3e-001	NC_001136.10:1164681-1164782	9.44	tp	0
6-ATATATATAT	STREME-6	2.3e-001	NC_001136.10:518630-518731	9.44	fp	0
6-ATATATATAT	STREME-6	2.3e-001	NC_001143.9:259116-259217	9.42	tp	0
6-ATATATATAT	STREME-6	2.3e-001	NC_001141.2:254968-255069	9.42	tp	0
6-ATATATATAT	STREME-6	2.3e-001	NC_001147.6:217116-217217	9.42	fp	0
6-ATATATATAT	STREME-6	2.3e-001	NC_001136.10:491421-491522	9.36	fp	0
6-ATATATATAT	STREME-6	2.3e-001	NC_001136.10:1401654-1401755	9.36	tp	1
6-ATATATATAT	STREME-6	2.3e-001	NC_001140.6:382743-382844	9.36	fp	0
6-ATATATATAT	STREME-6	2.3e-001	NC_001144.5:282807-282908	9.34	tp	0
6-ATATATATAT	STREME-6	2.3e-001	NC_001142.9:140096-140197	9.34	tp	1
6-ATATATATAT	STREME-6	2.3e-001	NC_001148.4:694970-695071	9.24	tp	0
6-ATATATATAT	STREME-6	2.3e-001	NC_001136.10:117559-117660	9.24	tp	1
6-ATATATATAT	STREME-6	2.3e-001	NC_001135.5:176472-176573	9.23	fp	0
6-ATATATATAT	STREME-6	2.3e-001	NC_001142.9:123003-123104	9.08	tp	0
6-ATATATATAT	STREME-6	2.3e-001	NC_001147.6:83011-83112	9.04	tp	0
6-ATATATATAT	STREME-6	2.3e-001	NC_001143.9:517913-518014	9.04	tp	0
6-ATATATATAT	STREME-6	2.3e-001	NC_001146.8:427523-427624	8.96	fp	0
6-ATATATATAT	STREME-6	2.3e-001	NC_001136.10:652613-652714	8.94	tp	0
6-ATATATATAT	STREME-6	2.3e-001	NC_001142.9:545611-545712	8.94	tp	0
6-ATATATATAT	STREME-6	2.3e-001	NC_001142.9:104829-104930	8.94	tp	0
6-ATATATATAT	STREME-6	2.3e-001	NC_001135.5:137592-137693	8.94	tp	0
6-ATATATATAT	STREME-6	2.3e-001	NC_001148.4:551700-551801	8.94	tp	0
6-ATATATATAT	STREME-6	2.3e-001	NC_001144.5:951009-951110	8.94	tp	0
6-ATATATATAT	STREME-6	2.3e-001	NC_001134.8:556193-556294	8.93	fp	0
6-ATATATATAT	STREME-6	2.3e-001	NC_001134.8:483506-483607	8.92	fp	0
6-ATATATATAT	STREME-6	2.3e-001	NC_001137.3:465032-465133	8.87	fp	0
6-ATATATATAT	STREME-6	2.3e-001	NC_001136.10:521634-521735	8.86	tp	1
6-ATATATATAT	STREME-6	2.3e-001	NC_001146.8:23930-24031	8.85	fp	1
6-ATATATATAT	STREME-6	2.3e-001	NC_001142.9:150782-150883	8.84	tp	0
6-ATATATATAT	STREME-6	2.3e-001	NC_001143.9:426133-426234	8.84	tp	0
6-ATATATATAT	STREME-6	2.3e-001	NC_001142.9:104829-104930	8.71	fp	0
6-ATATATATAT	STREME-6	2.3e-001	NC_001136.10:1243112-1243213	8.71	fp	0
6-ATATATATAT	STREME-6	2.3e-001	NC_001146.8:510428-510529	8.67	tp	0
6-ATATATATAT	STREME-6	2.3e-001	NC_001137.3:396662-396763	8.67	tp	0
6-ATATATATAT	STREME-6	2.3e-001	NC_001148.4:297377-297478	8.54	tp	0
6-ATATATATAT	STREME-6	2.3e-001	NC_001148.4:797211-797312	8.51	tp	1
6-ATATATATAT	STREME-6	2.3e-001	NC_001144.5:65297-65398	8.51	tp	1
6-ATATATATAT	STREME-6	2.3e-001	NC_001137.3:465032-465133	8.47	tp	0
6-ATATATATAT	STREME-6	2.3e-001	NC_001136.10:217491-217592	8.41	tp	0
6-ATATATATAT	STREME-6	2.3e-001	NC_001146.8:65549-65650	8.41	fp	0
6-ATATATATAT	STREME-6	2.3e-001	NC_001145.3:135355-135456	8.32	tp	0
6-ATATATATAT	STREME-6	2.3e-001	NC_001146.8:91729-91830	8.32	tp	1
6-ATATATATAT	STREME-6	2.3e-001	NC_001148.4:297377-297478	8.31	fp	0
6-ATATATATAT	STREME-6	2.3e-001	NC_001139.9:280535-280636	8.31	fp	0
6-ATATATATAT	STREME-6	2.3e-001	NC_001145.3:379340-379441	8.31	fp	0
6-ATATATATAT	STREME-6	2.3e-001	NC_001137.3:354954-355055	8.26	tp	0
6-ATATATATAT	STREME-6	2.3e-001	NC_001136.10:215970-216071	8.14	tp	0
6-ATATATATAT	STREME-6	2.3e-001	NC_001148.4:303007-303108	8.14	fp	0
6-ATATATATAT	STREME-6	2.3e-001	NC_001142.9:173044-173145	8.02	tp	1
6-ATATATATAT	STREME-6	2.3e-001	NC_001136.10:427143-427244	7.95	fp	0
6-ATATATATAT	STREME-6	2.3e-001	NC_001148.4:822474-822575	7.87	fp	0
6-ATATATATAT	STREME-6	2.3e-001	NC_001147.6:494430-494531	7.83	tp	0
6-ATATATATAT	STREME-6	2.3e-001	NC_001136.10:1468535-1468636	7.83	tp	0
6-ATATATATAT	STREME-6	2.3e-001	NC_001145.3:321812-321913	7.83	tp	0
6-ATATATATAT	STREME-6	2.3e-001	NC_001147.6:978283-978384	7.77	tp	0
6-ATATATATAT	STREME-6	2.3e-001	NC_001142.9:545611-545712	7.66	fp	0
6-ATATATATAT	STREME-6	2.3e-001	NC_001144.5:440289-440390	7.66	fp	0
6-ATATATATAT	STREME-6	2.3e-001	NC_001142.9:140096-140197	7.64	fp	0
6-ATATATATAT	STREME-6	2.3e-001	NC_001134.8:398264-398365	7.62	tp	0
6-ATATATATAT	STREME-6	2.3e-001	NC_001134.8:332715-332816	7.62	fp	0
6-ATATATATAT	STREME-6	2.3e-001	NC_001134.8:604398-604499	7.61	tp	0
6-ATATATATAT	STREME-6	2.3e-001	NC_001139.9:280535-280636	7.56	tp	0
6-ATATATATAT	STREME-6	2.3e-001	NC_001147.6:273745-273846	7.54	fp	1
6-ATATATATAT	STREME-6	2.3e-001	NC_001135.5:295466-295567	7.52	tp	0
6-ATATATATAT	STREME-6	2.3e-001	NC_001143.9:554862-554963	7.52	tp	0
6-ATATATATAT	STREME-6	2.3e-001	NC_001145.3:511190-511291	7.51	tp	0
6-ATATATATAT	STREME-6	2.3e-001	NC_001136.10:721546-721647	7.51	tp	0
6-ATATATATAT	STREME-6	2.3e-001	NC_001144.5:198098-198199	7.51	tp	0
6-ATATATATAT	STREME-6	2.3e-001	NC_001148.4:74778-74879	7.51	tp	0
6-ATATATATAT	STREME-6	2.3e-001	NC_001142.9:333091-333192	7.51	fp	0
6-ATATATATAT	STREME-6	2.3e-001	NC_001134.8:350809-350910	7.46	tp	0
6-ATATATATAT	STREME-6	2.3e-001	NC_001148.4:378406-378507	7.46	tp	0
6-ATATATATAT	STREME-6	2.3e-001	NC_001144.5:738094-738195	7.46	tp	0
6-ATATATATAT	STREME-6	2.3e-001	NC_001144.5:97551-97652	7.46	fp	0
6-ATATATATAT	STREME-6	2.3e-001	NC_001139.9:316695-316796	7.46	fp	0
6-ATATATATAT	STREME-6	2.3e-001	NC_001145.3:204227-204328	7.46	fp	0
6-ATATATATAT	STREME-6	2.3e-001	NC_001140.6:75306-75407	7.46	fp	1
6-ATATATATAT	STREME-6	2.3e-001	NC_001147.6:161427-161528	7.43	fp	0
6-ATATATATAT	STREME-6	2.3e-001	NC_001146.8:510428-510529	7.43	fp	0
6-ATATATATAT	STREME-6	2.3e-001	NC_001144.5:728731-728832	7.42	tp	0
6-ATATATATAT	STREME-6	2.3e-001	NC_001142.9:338107-338208	7.41	tp	0
6-ATATATATAT	STREME-6	2.3e-001	NC_001142.9:633001-633102	7.39	fp	0
6-ATATATATAT	STREME-6	2.3e-001	NC_001136.10:172184-172285	7.37	fp	0
6-ATATATATAT	STREME-6	2.3e-001	NC_001145.3:632211-632312	7.37	fp	1
6-ATATATATAT	STREME-6	2.3e-001	NC_001145.3:551799-551900	7.31	tp	0
6-ATATATATAT	STREME-6	2.3e-001	NC_001139.9:867513-867614	7.31	fp	0
6-ATATATATAT	STREME-6	2.3e-001	NC_001136.10:1243112-1243213	7.31	tp	0
6-ATATATATAT	STREME-6	2.3e-001	NC_001141.2:99418-99519	7.31	tp	0
6-ATATATATAT	STREME-6	2.3e-001	NC_001143.9:338847-338948	7.31	fp	1
6-ATATATATAT	STREME-6	2.3e-001	NC_001138.5:153282-153383	7.30	tp	0
6-ATATATATAT	STREME-6	2.3e-001	NC_001141.2:68620-68721	7.29	fp	0
6-ATATATATAT	STREME-6	2.3e-001	NC_001148.4:303007-303108	7.29	tp	0
6-ATATATATAT	STREME-6	2.3e-001	NC_001147.6:898358-898459	7.24	fp	0
6-ATATATATAT	STREME-6	2.3e-001	NC_001136.10:1153626-1153727	7.23	tp	0
6-ATATATATAT	STREME-6	2.3e-001	NC_001146.8:499519-499620	7.18	tp	0
6-ATATATATAT	STREME-6	2.3e-001	NC_001143.9:317092-317193	7.18	tp	0
6-ATATATATAT	STREME-6	2.3e-001	NC_001147.6:901199-901300	7.16	tp	0
6-ATATATATAT	STREME-6	2.3e-001	NC_001146.8:302567-302668	7.16	fp	0
6-ATATATATAT	STREME-6	2.3e-001	NC_001139.9:366641-366742	7.11	tp	0
6-ATATATATAT	STREME-6	2.3e-001	NC_001139.9:115850-115951	7.11	fp	0
6-ATATATATAT	STREME-6	2.3e-001	NC_001136.10:769065-769166	7.11	fp	1
6-ATATATATAT	STREME-6	2.3e-001	NC_001138.5:54886-54987	7.08	tp	0
6-ATATATATAT	STREME-6	2.3e-001	NC_001148.4:406514-406615	7.06	tp	0
6-ATATATATAT	STREME-6	2.3e-001	NC_001148.4:645789-645890	7.01	fp	0
6-ATATATATAT	STREME-6	2.3e-001	NC_001136.10:1420302-1420403	7.01	fp	0
6-ATATATATAT	STREME-6	2.3e-001	NC_001146.8:427220-427321	6.94	tp	0
6-ATATATATAT	STREME-6	2.3e-001	NC_001146.8:426926-427027	6.94	fp	1
6-ATATATATAT	STREME-6	2.3e-001	NC_001144.5:738094-738195	6.94	fp	1
6-ATATATATAT	STREME-6	2.3e-001	NC_001141.2:285413-285514	6.92	fp	0
6-ATATATATAT	STREME-6	2.3e-001	NC_001146.8:87694-87795	6.75	tp	0
6-ATATATATAT	STREME-6	2.3e-001	NC_001144.5:837419-837520	6.72	tp	0
6-ATATATATAT	STREME-6	2.3e-001	NC_001139.9:180477-180578	6.71	tp	0
6-ATATATATAT	STREME-6	2.3e-001	NC_001145.3:756196-756297	6.70	fp	0
6-ATATATATAT	STREME-6	2.3e-001	NC_001137.3:423484-423585	6.64	tp	0
6-ATATATATAT	STREME-6	2.3e-001	NC_001135.5:216603-216704	6.64	fp	0
6-ATATATATAT	STREME-6	2.3e-001	NC_001145.3:754214-754315	6.64	tp	1
6-ATATATATAT	STREME-6	2.3e-001	NC_001140.6:505544-505645	6.63	tp	0
6-ATATATATAT	STREME-6	2.3e-001	NC_001146.8:444320-444421	6.61	tp	1
6-ATATATATAT	STREME-6	2.3e-001	NC_001143.9:533527-533628	6.58	tp	0
6-ATATATATAT	STREME-6	2.3e-001	NC_001136.10:43945-44046	6.58	tp	0
6-ATATATATAT	STREME-6	2.3e-001	NC_001142.9:413398-413499	6.58	tp	0
6-ATATATATAT	STREME-6	2.3e-001	NC_001142.9:233911-234012	6.58	tp	0
6-ATATATATAT	STREME-6	2.3e-001	NC_001147.6:494430-494531	6.54	fp	0
6-ATATATATAT	STREME-6	2.3e-001	NC_001144.5:198669-198770	6.54	tp	1
6-ATATATATAT	STREME-6	2.3e-001	NC_001142.9:381158-381259	6.54	fp	1
6-ATATATATAT	STREME-6	2.3e-001	NC_001134.8:554371-554472	6.53	tp	0
6-ATATATATAT	STREME-6	2.3e-001	NC_001136.10:437932-438033	6.53	tp	0
6-ATATATATAT	STREME-6	2.3e-001	NC_001142.9:703075-703176	6.48	fp	0
6-ATATATATAT	STREME-6	2.3e-001	NC_001146.8:585477-585578	6.42	tp	0
6-ATATATATAT	STREME-6	2.3e-001	NC_001145.3:220013-220114	6.42	tp	0
6-ATATATATAT	STREME-6	2.3e-001	NC_001142.9:454723-454824	6.42	tp	0
6-ATATATATAT	STREME-6	2.3e-001	NC_001147.6:780010-780111	6.42	tp	0
6-ATATATATAT	STREME-6	2.3e-001	NC_001137.3:322115-322216	6.42	tp	1
6-ATATATATAT	STREME-6	2.3e-001	NC_001143.9:25049-25150	6.42	tp	1
6-ATATATATAT	STREME-6	2.3e-001	NC_001144.5:498801-498902	6.41	tp	0
6-ATATATATAT	STREME-6	2.3e-001	NC_001142.9:159878-159979	6.41	tp	0
6-ATATATATAT	STREME-6	2.3e-001	NC_001144.5:368659-368760	6.40	tp	0
6-ATATATATAT	STREME-6	2.3e-001	NC_001144.5:286682-286783	6.40	tp	0
6-ATATATATAT	STREME-6	2.3e-001	NC_001144.5:167949-168050	6.40	fp	0
6-ATATATATAT	STREME-6	2.3e-001	NC_001140.6:375517-375618	6.40	tp	1
6-ATATATATAT	STREME-6	2.3e-001	NC_001146.8:576065-576166	6.40	tp	0
6-ATATATATAT	STREME-6	2.3e-001	NC_001139.9:95679-95780	6.40	fp	0
6-ATATATATAT	STREME-6	2.3e-001	NC_001147.6:720253-720354	6.39	fp	0
6-ATATATATAT	STREME-6	2.3e-001	NC_001147.6:579982-580083	6.38	tp	0
6-ATATATATAT	STREME-6	2.3e-001	NC_001144.5:167949-168050	6.38	tp	0
6-ATATATATAT	STREME-6	2.3e-001	NC_001146.8:631170-631271	6.38	tp	0
6-ATATATATAT	STREME-6	2.3e-001	NC_001144.5:819215-819316	6.38	fp	0
6-ATATATATAT	STREME-6	2.3e-001	NC_001136.10:1269871-1269972	6.32	tp	0
6-ATATATATAT	STREME-6	2.3e-001	NC_001143.9:618733-618834	6.31	tp	0
6-ATATATATAT	STREME-6	2.3e-001	NC_001145.3:223837-223938	6.27	fp	0
6-ATATATATAT	STREME-6	2.3e-001	NC_001148.4:797211-797312	6.21	fp	0
6-ATATATATAT	STREME-6	2.3e-001	NC_001136.10:808208-808309	6.21	fp	1
6-ATATATATAT	STREME-6	2.3e-001	NC_001139.9:648904-649005	6.21	fp	0
6-ATATATATAT	STREME-6	2.3e-001	NC_001139.9:254494-254595	6.15	tp	0
6-ATATATATAT	STREME-6	2.3e-001	NC_001139.9:883866-883967	6.14	fp	0
6-ATATATATAT	STREME-6	2.3e-001	NC_001137.3:208481-208582	6.13	tp	0
6-ATATATATAT	STREME-6	2.3e-001	NC_001142.9:154729-154830	6.12	tp	0
6-ATATATATAT	STREME-6	2.3e-001	NC_001134.8:168317-168418	6.12	fp	0
6-ATATATATAT	STREME-6	2.3e-001	NC_001147.6:722810-722911	6.08	fp	0
6-ATATATATAT	STREME-6	2.3e-001	NC_001136.10:1450852-1450953	6.06	tp	0
6-ATATATATAT	STREME-6	2.3e-001	NC_001148.4:40844-40945	6.06	tp	0
6-ATATATATAT	STREME-6	2.3e-001	NC_001137.3:431284-431385	6.06	fp	0
6-ATATATATAT	STREME-6	2.3e-001	NC_001143.9:46746-46847	6.04	tp	0
6-ATATATATAT	STREME-6	2.3e-001	NC_001144.5:728731-728832	6.04	fp	0
6-ATATATATAT	STREME-6	2.3e-001	NC_001139.9:726861-726962	6.02	tp	0
6-ATATATATAT	STREME-6	2.3e-001	NC_001136.10:652613-652714	6.02	fp	0
6-ATATATATAT	STREME-6	2.3e-001	NC_001136.10:1222429-1222530	6.01	tp	0
6-ATATATATAT	STREME-6	2.3e-001	NC_001147.6:807015-807116	6.01	tp	0
6-ATATATATAT	STREME-6	2.3e-001	NC_001137.3:207350-207451	6.01	tp	0
6-ATATATATAT	STREME-6	2.3e-001	NC_001139.9:482913-483014	6.01	fp	0
6-ATATATATAT	STREME-6	2.3e-001	NC_001138.5:64938-65039	6.01	fp	0
6-ATATATATAT	STREME-6	2.3e-001	NC_001140.6:505544-505645	6.01	fp	0
6-ATATATATAT	STREME-6	2.3e-001	NC_001136.10:1202023-1202124	6.01	tp	0
6-ATATATATAT	STREME-6	2.3e-001	NC_001140.6:422371-422472	6.00	tp	0
6-ATATATATAT	STREME-6	2.3e-001	NC_001140.6:81707-81808	6.00	tp	0
6-ATATATATAT	STREME-6	2.3e-001	NC_001144.5:242114-242215	5.99	fp	1
6-ATATATATAT	STREME-6	2.3e-001	NC_001144.5:370587-370688	5.99	tp	0
6-ATATATATAT	STREME-6	2.3e-001	NC_001145.3:67993-68094	5.99	fp	0
6-ATATATATAT	STREME-6	2.3e-001	NC_001145.3:626139-626240	5.99	fp	0
6-ATATATATAT	STREME-6	2.3e-001	NC_001147.6:160635-160736	5.99	tp	0
6-ATATATATAT	STREME-6	2.3e-001	NC_001146.8:230685-230786	5.99	tp	0
6-ATATATATAT	STREME-6	2.3e-001	NC_001136.10:1013703-1013804	5.99	tp	0
6-ATATATATAT	STREME-6	2.3e-001	NC_001134.8:255699-255800	5.99	tp	0
6-ATATATATAT	STREME-6	2.3e-001	NC_001142.9:450843-450944	5.97	tp	0
6-ATATATATAT	STREME-6	2.3e-001	NC_001144.5:81298-81399	5.97	tp	0
6-ATATATATAT	STREME-6	2.3e-001	NC_001144.5:559381-559482	5.97	fp	0
6-ATATATATAT	STREME-6	2.3e-001	NC_001147.6:409950-410051	5.96	fp	0
6-ATATATATAT	STREME-6	2.3e-001	NC_001148.4:76238-76339	5.96	fp	0
6-ATATATATAT	STREME-6	2.3e-001	NC_001134.8:235882-235983	5.90	fp	0
6-ATATATATAT	STREME-6	2.3e-001	NC_001134.8:618736-618837	5.90	fp	0
6-ATATATATAT	STREME-6	2.3e-001	NC_001134.8:483506-483607	5.89	tp	0
6-ATATATATAT	STREME-6	2.3e-001	NC_001142.9:608185-608286	5.88	fp	1
6-ATATATATAT	STREME-6	2.3e-001	NC_001135.5:50728-50829	5.86	fp	0
6-ATATATATAT	STREME-6	2.3e-001	NC_001148.4:88353-88454	5.86	fp	0
6-ATATATATAT	STREME-6	2.3e-001	NC_001147.6:413733-413834	5.86	fp	0
6-ATATATATAT	STREME-6	2.3e-001	NC_001145.3:627833-627934	5.82	tp	0
6-ATATATATAT	STREME-6	2.3e-001	NC_001134.8:618736-618837	5.81	tp	0
6-ATATATATAT	STREME-6	2.3e-001	NC_001141.2:138087-138188	5.79	fp	0
6-ATATATATAT	STREME-6	2.3e-001	NC_001134.8:613900-614001	5.78	tp	0
6-ATATATATAT	STREME-6	2.3e-001	NC_001134.8:332715-332816	5.78	tp	0
6-ATATATATAT	STREME-6	2.3e-001	NC_001144.5:781355-781456	5.76	tp	0
6-ATATATATAT	STREME-6	2.3e-001	NC_001137.3:409115-409216	5.76	tp	0
6-ATATATATAT	STREME-6	2.3e-001	NC_001146.8:585477-585578	5.76	fp	0
6-ATATATATAT	STREME-6	2.3e-001	NC_001148.4:125891-125992	5.69	tp	0
6-ATATATATAT	STREME-6	2.3e-001	NC_001147.6:727405-727506	5.65	tp	0
6-ATATATATAT	STREME-6	2.3e-001	NC_001142.9:75822-75923	5.64	fp	1
6-ATATATATAT	STREME-6	2.3e-001	NC_001136.10:286698-286799	5.64	tp	0
6-ATATATATAT	STREME-6	2.3e-001	NC_001143.9:554862-554963	5.64	fp	0
6-ATATATATAT	STREME-6	2.3e-001	NC_001136.10:155891-155992	5.56	tp	0
6-ATATATATAT	STREME-6	2.3e-001	NC_001139.9:448535-448636	5.56	tp	1
6-ATATATATAT	STREME-6	2.3e-001	NC_001136.10:993048-993149	5.55	tp	0
6-ATATATATAT	STREME-6	2.3e-001	NC_001136.10:449758-449859	5.55	fp	0
6-ATATATATAT	STREME-6	2.3e-001	NC_001139.9:23776-23877	5.55	fp	1
6-ATATATATAT	STREME-6	2.3e-001	NC_001141.2:285413-285514	5.54	tp	0
6-ATATATATAT	STREME-6	2.3e-001	NC_001144.5:234118-234219	5.54	tp	1
6-ATATATATAT	STREME-6	2.3e-001	NC_001136.10:330902-331003	5.53	tp	0
6-ATATATATAT	STREME-6	2.3e-001	NC_001146.8:723137-723238	5.53	tp	0
6-ATATATATAT	STREME-6	2.3e-001	NC_001139.9:661742-661843	5.53	tp	0
6-ATATATATAT	STREME-6	2.3e-001	NC_001141.2:420773-420874	5.53	tp	0
6-ATATATATAT	STREME-6	2.3e-001	NC_001138.5:153282-153383	5.53	fp	0
6-ATATATATAT	STREME-6	2.3e-001	NC_001142.9:454723-454824	5.53	fp	0
6-ATATATATAT	STREME-6	2.3e-001	NC_001136.10:471735-471836	5.49	tp	0
#
7-AAGGCGMMAGAYT	STREME-7	5.0e-001	NC_001141.2:248816-248917	22.40	tp	0
7-AAGGCGMMAGAYT	STREME-7	5.0e-001	NC_001148.4:689541-689642	22.40	tp	0
7-AAGGCGMMAGAYT	STREME-7	5.0e-001	NC_001134.8:347560-347661	21.89	tp	0
7-AAGGCGMMAGAYT	STREME-7	5.0e-001	NC_001142.9:424401-424502	21.89	tp	0
7-AAGGCGMMAGAYT	STREME-7	5.0e-001	NC_001136.10:519712-519813	21.89	tp	0
7-AAGGCGMMAGAYT	STREME-7	5.0e-001	NC_001144.5:962995-963096	21.89	tp	0
7-AAGGCGMMAGAYT	STREME-7	5.0e-001	NC_001133.9:181133-181234	21.62	tp	0
7-AAGGCGMMAGAYT	STREME-7	5.0e-001	NC_001144.5:628392-628493	21.62	tp	0
7-AAGGCGMMAGAYT	STREME-7	5.0e-001	NC_001139.9:423105-423206	21.62	tp	0
7-AAGGCGMMAGAYT	STREME-7	5.0e-001	NC_001145.3:504886-504987	21.62	tp	0
7-AAGGCGMMAGAYT	STREME-7	5.0e-001	NC_001136.10:1461725-1461826	21.62	tp	0
7-AAGGCGMMAGAYT	STREME-7	5.0e-001	NC_001139.9:205521-205622	21.62	tp	1
7-AAGGCGMMAGAYT	STREME-7	5.0e-001	NC_001138.5:210634-210735	20.97	tp	0
7-AAGGCGMMAGAYT	STREME-7	5.0e-001	NC_001142.9:354248-354349	20.97	tp	0
7-AAGGCGMMAGAYT	STREME-7	5.0e-001	NC_001144.5:592543-592644	20.68	tp	0
7-AAGGCGMMAGAYT	STREME-7	5.0e-001	NC_001142.9:617899-618000	20.68	tp	0
7-AAGGCGMMAGAYT	STREME-7	5.0e-001	NC_001144.5:732065-732166	20.68	tp	0
7-AAGGCGMMAGAYT	STREME-7	5.0e-001	NC_001135.5:295466-295567	19.27	tp	0
7-AAGGCGMMAGAYT	STREME-7	5.0e-001	NC_001146.8:104792-104893	19.27	tp	0
7-AAGGCGMMAGAYT	STREME-7	5.0e-001	NC_001134.8:266345-266446	19.27	tp	0
7-AAGGCGMMAGAYT	STREME-7	5.0e-001	NC_001147.6:354034-354135	19.27	tp	0
7-AAGGCGMMAGAYT	STREME-7	5.0e-001	NC_001145.3:259147-259248	18.81	tp	0
7-AAGGCGMMAGAYT	STREME-7	5.0e-001	NC_001133.9:182535-182636	18.81	tp	0
7-AAGGCGMMAGAYT	STREME-7	5.0e-001	NC_001144.5:167949-168050	18.81	tp	0
7-AAGGCGMMAGAYT	STREME-7	5.0e-001	NC_001139.9:561674-561775	18.81	tp	0
7-AAGGCGMMAGAYT	STREME-7	5.0e-001	NC_001137.3:86567-86668	18.81	tp	0
7-AAGGCGMMAGAYT	STREME-7	5.0e-001	NC_001140.6:133033-133134	18.81	tp	0
7-AAGGCGMMAGAYT	STREME-7	5.0e-001	NC_001142.9:524032-524133	18.81	tp	0
7-AAGGCGMMAGAYT	STREME-7	5.0e-001	NC_001147.6:87358-87459	15.60	tp	0
7-AAGGCGMMAGAYT	STREME-7	5.0e-001	NC_001144.5:329333-329434	15.51	tp	0
7-AAGGCGMMAGAYT	STREME-7	5.0e-001	NC_001147.6:877758-877859	13.04	tp	0
